Date,Temperature,casesB,deadB,casesE,deadE,casesT
01/01/2018,8.7,0,0,0,0,0
02/01/2018,4.4,0,0,0,0,0
03/01/2018,4.8,0,0,0,0,0
04/01/2018,6.7,0,0,0,0,0
05/01/2018,7,0,0,0,0,0
06/01/2018,4.9,0,0,0,0,0
07/01/2018,1.5,0,0,0,0,0
08/01/2018,-1.7,0,0,0,0,0
09/01/2018,1.6,0,0,0,0,0
10/01/2018,2.4,0,0,0,0,0
11/01/2018,2.4,0,0,0,0,0
12/01/2018,1.6,0,0,0,0,0
13/01/2018,0.2,0,0,0,0,0
14/01/2018,-1.7,0,0,0,0,0
15/01/2018,0,0,0,0,0,0
16/01/2018,2.7,0,0,0,0,0
17/01/2018,1.4,0,0,0,0,0
18/01/2018,2.5,0,0,0,0,0
19/01/2018,2.4,0,0,0,0,0
20/01/2018,1.3,0,0,0,0,0
21/01/2018,0.2,0,0,0,0,0
22/01/2018,0.3,0,0,0,0,0
23/01/2018,1.8,0,0,0,0,0
24/01/2018,8.4,0,0,0,0,0
25/01/2018,9,0,0,0,0,0
26/01/2018,6.7,0,0,0,0,0
27/01/2018,5.7,0,0,0,0,0
28/01/2018,7.4,0,0,0,0,0
29/01/2018,9.6,0,0,0,0,0
30/01/2018,4.9,0,0,0,0,0
31/01/2018,5,0,0,0,0,0
01/02/2018,4.1,0,0,0,0,0
02/02/2018,2.3,0,0,0,0,0
03/02/2018,1.3,0,0,0,0,0
04/02/2018,-0.2,0,0,0,0,0
05/02/2018,-0.9,0,0,0,0,0
06/02/2018,-3.3,0,0,0,0,0
07/02/2018,-1.7,0,0,0,0,0
08/02/2018,-3.1,0,0,0,0,0
09/02/2018,-2.6,0,0,0,0,0
10/02/2018,0.1,0,0,0,0,0
11/02/2018,1.7,0,0,0,0,0
12/02/2018,1.8,0,0,0,0,0
13/02/2018,0.6,0,0,0,0,0
14/02/2018,-1.1,0,0,0,0,0
15/02/2018,-0.5,0,0,0,0,0
16/02/2018,3.4,0,0,0,0,0
17/02/2018,2.4,0,0,0,0,0
18/02/2018,2.5,0,0,0,0,0
19/02/2018,1.6,0,0,0,0,0
20/02/2018,0.1,0,0,0,0,0
21/02/2018,0,0,0,0,0,0
22/02/2018,-0.1,0,0,0,0,0
23/02/2018,-3.1,0,0,0,0,0
24/02/2018,-2.6,0,0,0,0,0
25/02/2018,-5.1,0,0,0,0,0
26/02/2018,-5.9,0,0,0,0,0
27/02/2018,-7.7,0,0,0,0,0
28/02/2018,-8.9,0,0,0,0,0
01/03/2018,-8.6,0,0,0,0,0
02/03/2018,-8.3,0,0,0,0,0
03/03/2018,-7.1,0,0,0,0,0
04/03/2018,-2.9,0,0,0,0,0
05/03/2018,2.4,0,0,0,0,0
06/03/2018,1,0,0,0,0,0
07/03/2018,1.4,0,0,0,0,0
08/03/2018,4.4,0,0,0,0,0
09/03/2018,4.9,0,0,0,0,0
10/03/2018,4.7,0,0,0,0,0
11/03/2018,10.4,0,0,0,0,0
12/03/2018,8.4,0,0,0,0,0
13/03/2018,9.2,0,0,0,0,0
14/03/2018,4,0,0,0,0,0
15/03/2018,2.9,0,0,0,0,0
16/03/2018,0,0,0,0,0,0
17/03/2018,-3.1,0,0,0,0,0
18/03/2018,-2.5,0,0,0,0,0
19/03/2018,-1.4,0,0,0,0,0
20/03/2018,-1.5,0,0,0,0,0
21/03/2018,1.2,0,0,0,0,0
22/03/2018,2.2,0,0,0,0,0
23/03/2018,2.8,0,0,0,0,0
24/03/2018,3.2,0,0,0,0,0
25/03/2018,4.8,0,0,0,0,0
26/03/2018,6,0,0,0,0,0
27/03/2018,4,0,0,0,0,0
28/03/2018,1.3,0,0,0,0,0
29/03/2018,4.9,0,0,0,0,0
30/03/2018,5.2,0,0,0,0,0
31/03/2018,3.4,0,0,0,0,0
01/04/2018,1.5,0,0,0,0,0
02/04/2018,4.5,0,0,0,0,0
03/04/2018,11.7,0,0,0,0,0
04/04/2018,15.5,0,0,0,0,0
05/04/2018,10.8,0,0,0,0,0
06/04/2018,7.1,0,0,0,0,0
07/04/2018,11.9,0,0,0,0,0
08/04/2018,14.7,0,0,0,0,0
09/04/2018,14.5,0,0,0,0,0
10/04/2018,17.3,0,0,0,0,0
11/04/2018,14.6,0,0,0,0,0
12/04/2018,16.2,0,0,0,0,0
13/04/2018,16.2,0,0,0,0,0
14/04/2018,13.1,0,0,0,0,0
15/04/2018,15,0,0,0,0,0
16/04/2018,12.5,0,0,0,0,0
17/04/2018,13.4,0,0,0,0,0
18/04/2018,16,0,0,0,0,0
19/04/2018,17.6,0,0,0,0,0
20/04/2018,19.7,0,0,0,0,0
21/04/2018,17.3,0,0,0,0,0
22/04/2018,16.1,0,0,0,0,0
23/04/2018,17.8,0,0,0,0,0
24/04/2018,13,0,0,0,0,0
25/04/2018,13.1,0,0,0,0,0
26/04/2018,9.4,0,0,0,0,0
27/04/2018,10.8,0,0,0,0,0
28/04/2018,15.1,0,0,0,0,0
29/04/2018,17.7,0,0,0,0,0
30/04/2018,17.3,0,0,0,0,0
01/05/2018,13.1,0,0,0,0,0
02/05/2018,10.4,0,0,0,0,0
03/05/2018,14.3,0,0,0,0,0
04/05/2018,12.1,0,0,0,0,0
05/05/2018,12.7,0,0,0,0,0
06/05/2018,15,0,0,0,0,0
07/05/2018,17.3,0,0,0,0,0
08/05/2018,18.8,0,0,0,0,0
09/05/2018,20,0,0,0,0,0
10/05/2018,20.2,0,0,0,0,0
11/05/2018,14.4,0,0,0,0,0
12/05/2018,16.6,0,0,0,0,0
13/05/2018,20.3,0,0,0,0,0
14/05/2018,19.3,0,0,0,0,0
15/05/2018,15.5,0,0,0,0,0
16/05/2018,16.4,0,0,0,0,0
17/05/2018,16.9,0,0,0,0,0
18/05/2018,12.5,0,0,0,0,0
19/05/2018,16.1,0,0,0,0,0
20/05/2018,15.9,0,0,0,0,0
21/05/2018,17.4,0,0,0,0,0
22/05/2018,18.5,0,0,0,0,0
23/05/2018,19.3,0,0,0,0,0
24/05/2018,20,0,0,0,0,0
25/05/2018,20.9,0,0,0,0,0
26/05/2018,20.1,0,0,0,0,0
27/05/2018,20.4,0,0,0,0,0
28/05/2018,24.3,0,0,0,0,0
29/05/2018,25.7,0,0,0,0,0
30/05/2018,24.3,0,0,0,0,0
31/05/2018,24.5,0,0,0,0,0
01/06/2018,24,0,0,0,0,0
02/06/2018,21.4,0,0,0,0,0
03/06/2018,20.1,0,0,0,0,0
04/06/2018,21.3,0,0,0,0,0
05/06/2018,18.4,0,0,0,0,0
06/06/2018,18.1,0,0,0,0,0
07/06/2018,20.3,0,0,0,0,0
08/06/2018,23.3,0,0,0,0,0
09/06/2018,25.2,0,0,0,0,0
10/06/2018,22.6,0,0,0,0,0
11/06/2018,19.8,0,0,0,0,0
12/06/2018,17,0,0,0,0,0
13/06/2018,15.7,0,0,0,0,0
14/06/2018,17.8,0,0,0,0,0
15/06/2018,18.8,0,0,0,0,0
16/06/2018,22,0,0,0,0,0
17/06/2018,22,0,0,0,0,0
18/06/2018,19.6,0,0,0,0,0
19/06/2018,21.3,0,0,0,0,0
20/06/2018,22,0,0,0,0,0
21/06/2018,18.3,0,0,0,0,0
22/06/2018,13.8,0,0,0,0,0
23/06/2018,13.9,0,0,0,0,0
24/06/2018,13.1,0,0,0,0,0
25/06/2018,16,0,0,0,0,0
26/06/2018,17,0,0,0,0,0
27/06/2018,19.3,0,0,0,0,0
28/06/2018,21.9,0,0,0,0,0
29/06/2018,22.2,0,0,0,0,0
30/06/2018,17.2,0,0,0,0,0
01/07/2018,16.7,0,0,0,0,0
02/07/2018,17.6,0,0,0,0,0
03/07/2018,20.7,0,0,0,0,0
04/07/2018,23.8,0,0,0,0,0
05/07/2018,24.4,0,0,0,0,0
06/07/2018,19.3,0,0,0,0,0
07/07/2018,19.2,0,0,0,0,0
08/07/2018,20.2,0,0,0,0,0
09/07/2018,20.1,0,0,0,0,0
10/07/2018,16.7,0,0,0,0,0
11/07/2018,18,0,0,0,0,0
12/07/2018,16.9,0,0,0,0,0
13/07/2018,20.1,0,0,0,0,0
14/07/2018,19.4,0,0,0,0,0
15/07/2018,19.2,0,0,0,0,0
16/07/2018,21.7,0,0,0,0,0
17/07/2018,23,0,0,0,0,0
18/07/2018,22.9,0,0,0,0,0
19/07/2018,20.9,0,0,0,0,0
20/07/2018,20.9,0,0,0,0,0
21/07/2018,21.4,0,0,0,0,0
22/07/2018,22.8,0,0,0,0,0
23/07/2018,22.5,0,0,0,0,0
24/07/2018,23.8,0,0,0,0,0
25/07/2018,25.9,0,0,0,0,0
26/07/2018,25.9,0,0,0,0,0
27/07/2018,25.7,0,0,0,0,0
28/07/2018,25.3,0,0,0,0,0
29/07/2018,23.1,0,0,0,0,0
30/07/2018,26.3,0,0,0,0,0
31/07/2018,28.2,0,0,0,0,0
01/08/2018,27.3,0,0,0,0,0
02/08/2018,26.4,0,0,0,0,0
03/08/2018,26.6,0,0,0,0,0
04/08/2018,27.1,0,0,0,0,0
05/08/2018,22.5,0,0,0,0,0
06/08/2018,22.1,0,0,0,0,0
07/08/2018,26.3,0,0,0,0,0
08/08/2018,28.6,0,0,0,0,0
09/08/2018,27.3,0,0,0,0,0
10/08/2018,21.1,0,0,0,0,0
11/08/2018,19.1,0,0,0,0,0
12/08/2018,19.8,0,0,0,0,0
13/08/2018,22.2,0,0,0,0,0
14/08/2018,20.5,0,0,0,0,0
15/08/2018,20.4,0,0,0,0,0
16/08/2018,22.1,0,0,0,0,0
17/08/2018,24.6,0,0,0,0,0
18/08/2018,21.6,0,0,0,0,0
19/08/2018,22.6,0,0,0,0,0
20/08/2018,21.1,0,0,0,0,0
21/08/2018,19.9,0,0,0,0,0
22/08/2018,20.3,0,0,0,0,0
23/08/2018,24.7,0,0,0,0,0
24/08/2018,20.6,0,0,0,0,0
25/08/2018,16.8,0,0,0,0,0
26/08/2018,15.1,0,0,0,0,0
27/08/2018,17.3,0,0,0,0,0
28/08/2018,18.2,6,4,1,0,11
29/08/2018,19.4,0,0,0,0,0
30/08/2018,17.6,0,0,0,0,0
31/08/2018,15.8,0,0,0,0,0
01/09/2018,16.8,0,0,0,0,0
02/09/2018,18.5,0,0,0,0,0
03/09/2018,23,0,0,0,0,0
04/09/2018,20.3,0,0,0,0,0
05/09/2018,19.5,3,3,0,0,6
06/09/2018,19.7,0,0,0,0,0
07/09/2018,18.5,0,0,0,0,0
08/09/2018,16.6,0,0,0,0,0
09/09/2018,18.7,0,0,0,0,0
10/09/2018,19.3,1,1,0,0,2
11/09/2018,21.2,0,0,0,0,0
12/09/2018,21.1,2,2,0,0,4
13/09/2018,14.8,0,0,0,0,0
14/09/2018,15.9,0,0,0,0,0
15/09/2018,16.4,0,0,0,0,0
16/09/2018,15.8,0,0,0,0,0
17/09/2018,18.2,0,0,0,0,0
18/09/2018,20.7,0,0,0,0,0
19/09/2018,22,0,0,0,0,0
20/09/2018,22,0,0,0,0,0
21/09/2018,19.7,0,0,1,1,2
22/09/2018,13.6,0,0,0,0,0
23/09/2018,10.7,0,0,0,0,0
24/09/2018,9.4,0,0,0,0,0
25/09/2018,9,0,0,0,0,0
26/09/2018,11.1,1,1,0,0,2
27/09/2018,17.9,0,0,0,0,0
28/09/2018,13.2,0,0,0,0,0
29/09/2018,9.5,0,0,0,0,0
30/09/2018,10.2,0,0,0,0,0
01/10/2018,8.8,0,0,0,0,0
02/10/2018,7.8,0,0,0,0,0
03/10/2018,11.3,0,0,0,0,0
04/10/2018,11.4,0,0,0,0,0
05/10/2018,14.8,0,0,0,0,0
06/10/2018,15,0,0,0,0,0
07/10/2018,12.1,0,0,0,0,0
08/10/2018,8.2,0,0,0,0,0
09/10/2018,10.8,0,0,0,0,0
10/10/2018,14.9,0,0,0,0,0
11/10/2018,17.1,0,0,0,0,0
12/10/2018,17.1,0,0,0,0,0
13/10/2018,16.8,0,0,0,0,0
14/10/2018,17,0,0,0,0,0
15/10/2018,15.6,0,0,0,0,0
16/10/2018,13.5,0,0,0,0,0
17/10/2018,12.8,0,0,0,0,0
18/10/2018,11.5,0,0,0,0,0
19/10/2018,10.2,0,0,0,0,0
20/10/2018,8.4,0,0,0,0,0
21/10/2018,9.3,0,0,0,0,0
22/10/2018,8.1,0,0,0,0,0
23/10/2018,8.4,0,0,0,0,0
24/10/2018,9.7,0,0,0,0,0
25/10/2018,11.1,0,0,0,0,0
26/10/2018,10.2,0,0,0,0,0
27/10/2018,8.2,0,0,0,0,0
28/10/2018,5.9,0,0,0,0,0
29/10/2018,4.6,0,0,0,0,0
30/10/2018,13,0,0,0,0,0
31/10/2018,8.9,0,0,0,0,0
01/11/2018,8.2,0,0,0,0,0
02/11/2018,8.7,0,0,0,0,0
03/11/2018,7.7,0,0,0,0,0
04/11/2018,8.9,0,0,0,0,0
05/11/2018,11.5,0,0,0,0,0
06/11/2018,12,0,0,0,0,0
07/11/2018,10.4,0,0,0,0,0
08/11/2018,9.1,0,0,0,0,0
09/11/2018,8.9,0,0,0,0,0
10/11/2018,8.5,0,0,0,0,0
11/11/2018,8.1,0,0,0,0,0
12/11/2018,11.1,0,0,0,0,0
13/11/2018,10.2,0,0,0,0,0
14/11/2018,7.7,0,0,0,0,0
15/11/2018,6.9,0,0,0,0,0
16/11/2018,5.3,0,0,0,0,0
17/11/2018,1.7,0,0,0,0,0
18/11/2018,1.4,0,0,0,0,0
19/11/2018,3.9,0,0,0,0,0
20/11/2018,2.4,0,0,0,0,0
21/11/2018,1.2,0,0,0,0,0
22/11/2018,1.1,0,0,0,0,0
23/11/2018,1.9,0,0,0,0,0
24/11/2018,1.9,0,0,0,0,0
25/11/2018,4.2,0,0,0,0,0
26/11/2018,2.6,0,0,0,0,0
27/11/2018,-0.2,0,0,0,0,0
28/11/2018,0.6,0,0,0,0,0
29/11/2018,0.3,0,0,0,0,0
30/11/2018,0.8,0,0,0,0,0
01/12/2018,3.3,0,0,0,0,0
02/12/2018,6,0,0,0,0,0
03/12/2018,10.7,0,0,0,0,0
04/12/2018,6.8,0,0,0,0,0
05/12/2018,2.6,0,0,0,0,0
06/12/2018,4.7,0,0,0,0,0
07/12/2018,10.5,0,0,0,0,0
08/12/2018,7.3,0,0,0,0,0
09/12/2018,7.3,0,0,0,0,0
10/12/2018,4.9,0,0,0,0,0
11/12/2018,3.8,0,0,0,0,0
12/12/2018,2.7,0,0,0,0,0
13/12/2018,1.9,0,0,0,0,0
14/12/2018,0.4,0,0,0,0,0
15/12/2018,0,0,0,0,0,0
16/12/2018,-0.4,0,0,0,0,0
17/12/2018,0.6,0,0,0,0,0
18/12/2018,3.5,0,0,0,0,0
19/12/2018,1.6,0,0,0,0,0
20/12/2018,3.6,0,0,0,0,0
21/12/2018,6.4,0,0,0,0,0
22/12/2018,6.8,0,0,0,0,0
23/12/2018,6,0,0,0,0,0
24/12/2018,2,0,0,0,0,0
25/12/2018,4.7,0,0,0,0,0
26/12/2018,5.7,0,0,0,0,0
27/12/2018,5.5,0,0,0,0,0
28/12/2018,6.1,0,0,0,0,0
29/12/2018,5.9,0,0,0,0,0
30/12/2018,6.3,0,0,0,0,0
31/12/2018,5.5,0,0,0,0,0
01/01/2019,6.7,0,0,0,0,0
02/01/2019,2,0,0,0,0,0
03/01/2019,-0.3,0,0,0,0,0
04/01/2019,1.7,0,0,0,0,0
05/01/2019,6.1,0,0,0,0,0
06/01/2019,2.2,0,0,0,0,0
07/01/2019,3,0,0,0,0,0
08/01/2019,4.9,0,0,0,0,0
09/01/2019,2.1,0,0,0,0,0
10/01/2019,1.2,0,0,0,0,0
11/01/2019,2.2,0,0,0,0,0
12/01/2019,5,0,0,0,0,0
13/01/2019,6.3,0,0,0,0,0
14/01/2019,2.7,0,0,0,0,0
15/01/2019,3.8,0,0,0,0,0
16/01/2019,6.4,0,0,0,0,0
17/01/2019,4.6,0,0,0,0,0
18/01/2019,0.7,0,0,0,0,0
19/01/2019,0.3,0,0,0,0,0
20/01/2019,-2.9,0,0,0,0,0
21/01/2019,-3.2,0,0,0,0,0
22/01/2019,-3.3,0,0,0,0,0
23/01/2019,-5.6,0,0,0,0,0
24/01/2019,-3.9,0,0,0,0,0
25/01/2019,-3.7,0,0,0,0,0
26/01/2019,0.4,0,0,0,0,0
27/01/2019,4.1,0,0,0,0,0
28/01/2019,3.4,0,0,0,0,0
29/01/2019,1.2,0,0,0,0,0
30/01/2019,-0.2,0,0,0,0,0
31/01/2019,0.4,0,0,0,0,0
01/02/2019,-0.7,0,0,0,0,0
02/02/2019,0.8,0,0,0,0,0
03/02/2019,1.2,0,0,0,0,0
04/02/2019,1.2,0,0,0,0,0
05/02/2019,2.2,0,0,0,0,0
06/02/2019,3.3,0,0,0,0,0
07/02/2019,2.3,0,0,0,0,0
08/02/2019,5.3,0,0,0,0,0
09/02/2019,7.5,0,0,0,0,0
10/02/2019,6.4,0,0,0,0,0
11/02/2019,4.7,0,0,0,0,0
12/02/2019,3.2,0,0,0,0,0
13/02/2019,6.1,0,0,0,0,0
14/02/2019,7.2,0,0,0,0,0
15/02/2019,5.9,0,0,0,0,0
16/02/2019,7.1,0,0,0,0,0
17/02/2019,6.2,0,0,0,0,0
18/02/2019,6.9,0,0,0,0,0
19/02/2019,6.8,0,0,0,0,0
20/02/2019,7.7,0,0,0,0,0
21/02/2019,8.1,0,0,0,0,0
22/02/2019,3.7,0,0,0,0,0
23/02/2019,0.1,0,0,0,0,0
24/02/2019,3.7,0,0,0,0,0
25/02/2019,6.8,0,0,0,0,0
26/02/2019,6.9,0,0,0,0,0
27/02/2019,7.9,0,0,0,0,0
28/02/2019,8.3,0,0,0,0,0
01/03/2019,4.6,0,0,0,0,0
02/03/2019,4.1,0,0,0,0,0
03/03/2019,8.7,0,0,0,0,0
04/03/2019,9.8,0,0,0,0,0
05/03/2019,6.5,0,0,0,0,0
06/03/2019,6.8,0,0,0,0,0
07/03/2019,10.5,0,0,0,0,0
08/03/2019,8,0,0,0,0,0
09/03/2019,7.3,0,0,0,0,0
10/03/2019,4.7,0,0,0,0,0
11/03/2019,3.2,0,0,0,0,0
12/03/2019,5.3,0,0,0,0,0
13/03/2019,7.5,0,0,0,0,0
14/03/2019,5.8,0,0,0,0,0
15/03/2019,7.6,0,0,0,0,0
16/03/2019,6.6,0,0,0,0,0
17/03/2019,8.7,0,0,0,0,0
18/03/2019,5.2,0,0,0,0,0
19/03/2019,5,0,0,0,0,0
20/03/2019,7,0,0,0,0,0
21/03/2019,10,0,0,0,0,0
22/03/2019,8.6,0,0,0,0,0
23/03/2019,9.7,0,0,0,0,0
24/03/2019,7.2,0,0,0,0,0
25/03/2019,4.8,0,0,0,0,0
26/03/2019,5,0,0,0,0,0
27/03/2019,7.3,0,0,0,0,0
28/03/2019,8.9,0,0,0,0,0
29/03/2019,10,0,0,0,0,0
30/03/2019,11.1,0,0,0,0,0
31/03/2019,8.7,0,0,0,0,0
01/04/2019,5.6,0,0,0,0,0
02/04/2019,8.4,0,0,0,0,0
03/04/2019,13.1,0,0,0,0,0
04/04/2019,14.6,0,0,0,0,0
05/04/2019,11,0,0,0,0,0
06/04/2019,14.4,0,0,0,0,0
07/04/2019,13.8,0,0,0,0,0
08/04/2019,12.3,0,0,0,0,0
09/04/2019,6.9,0,0,0,0,0
10/04/2019,5.3,0,0,0,0,0
11/04/2019,3.8,0,0,0,0,0
12/04/2019,3.2,0,0,0,0,0
13/04/2019,4.5,0,0,0,0,0
14/04/2019,5.7,0,0,0,0,0
15/04/2019,7.7,0,0,0,0,0
16/04/2019,8.9,0,0,0,0,0
17/04/2019,10.9,0,0,0,0,0
18/04/2019,13.9,0,0,0,0,0
19/04/2019,15,0,0,0,0,0
20/04/2019,13.3,0,0,0,0,0
21/04/2019,14.1,0,0,0,0,0
22/04/2019,13.1,0,0,0,0,0
23/04/2019,14.3,0,0,0,0,0
24/04/2019,17.2,0,0,0,0,0
25/04/2019,18.8,0,0,0,0,0
26/04/2019,19,0,0,0,0,0
27/04/2019,13.3,0,0,0,0,0
28/04/2019,10.5,0,0,0,0,0
29/04/2019,10.7,0,0,0,0,0
30/04/2019,10.9,0,0,0,0,0
01/05/2019,13,0,0,0,0,0
02/05/2019,10.1,0,0,0,0,0
03/05/2019,8.8,0,0,0,0,0
04/05/2019,7.3,0,0,0,0,0
05/05/2019,6.8,0,0,0,0,0
06/05/2019,8.2,0,0,0,0,0
07/05/2019,8.8,0,0,0,0,0
08/05/2019,11.3,0,0,0,0,0
09/05/2019,13.9,0,0,0,0,0
10/05/2019,13.2,0,0,0,0,0
11/05/2019,11,0,0,0,0,0
12/05/2019,11.9,0,0,0,0,0
13/05/2019,10.3,0,0,0,0,0
14/05/2019,9,0,0,0,0,0
15/05/2019,8.3,0,0,0,0,0
16/05/2019,9.4,0,0,0,0,0
17/05/2019,13.1,0,0,0,0,0
18/05/2019,17.4,0,0,0,0,0
19/05/2019,18.4,0,0,0,0,0
20/05/2019,18.3,0,0,0,0,0
21/05/2019,17.8,0,0,0,0,0
22/05/2019,13.1,0,0,0,0,0
23/05/2019,13.9,0,0,0,0,0
24/05/2019,16.6,0,0,0,0,0
25/05/2019,13.9,0,0,0,0,0
26/05/2019,15.4,0,0,0,0,0
27/05/2019,18.1,0,0,0,0,0
28/05/2019,15.7,0,0,0,0,0
29/05/2019,12.7,0,0,0,0,0
30/05/2019,15.4,0,0,0,0,0
31/05/2019,19,0,0,0,0,0
01/06/2019,21.2,0,0,0,0,0
02/06/2019,23.1,0,0,0,0,0
03/06/2019,25.7,0,0,0,0,0
04/06/2019,24.1,0,0,0,0,0
05/06/2019,26.4,0,0,0,0,0
06/06/2019,22.2,0,0,0,0,0
07/06/2019,19.4,0,0,0,0,0
08/06/2019,18.8,0,0,0,0,0
09/06/2019,19,0,0,0,0,0
10/06/2019,21.3,0,0,0,0,0
11/06/2019,23.7,0,0,0,0,0
12/06/2019,22.4,0,0,0,0,0
13/06/2019,19.5,0,0,0,0,0
14/06/2019,22.7,0,0,0,0,0
15/06/2019,25.5,0,0,0,0,0
16/06/2019,18.9,0,0,0,0,0
17/06/2019,20.9,0,0,0,0,0
18/06/2019,23.2,0,0,0,0,0
19/06/2019,24.8,0,0,0,0,0
20/06/2019,22.2,0,0,0,0,0
21/06/2019,20.6,0,0,0,0,0
22/06/2019,20.3,0,0,0,0,0
23/06/2019,21.2,0,0,0,0,0
24/06/2019,23,0,0,0,0,0
25/06/2019,26.5,0,0,0,0,0
26/06/2019,28.8,0,0,0,0,0
27/06/2019,20.5,0,0,0,0,0
28/06/2019,18.7,0,0,0,0,0
29/06/2019,22.7,0,0,0,0,0
30/06/2019,28,0,0,0,0,0
01/07/2019,23.4,0,0,0,0,0
02/07/2019,18.3,0,0,0,0,0
03/07/2019,15.9,14,14,24,4,56
04/07/2019,17,0,0,0,0,0
05/07/2019,18.8,0,0,0,0,0
06/07/2019,18.2,0,0,0,0,0
07/07/2019,15.2,0,0,0,0,0
08/07/2019,14.4,0,0,0,0,0
09/07/2019,14.7,0,0,0,0,0
10/07/2019,16.2,0,0,0,0,0
11/07/2019,18.5,0,0,0,0,0
12/07/2019,18.4,0,0,0,0,0
13/07/2019,19.3,0,0,0,0,0
14/07/2019,17.1,0,0,0,0,0
15/07/2019,15.8,0,0,0,0,0
16/07/2019,16.9,0,0,0,0,0
17/07/2019,17.5,0,0,0,0,0
18/07/2019,20.5,0,0,0,0,0
19/07/2019,21.1,0,0,0,0,0
20/07/2019,22.9,0,0,0,0,0
21/07/2019,21.2,0,0,0,0,0
22/07/2019,20.4,0,0,0,0,0
23/07/2019,23.8,0,0,0,0,0
24/07/2019,25.4,0,0,0,0,0
25/07/2019,26.5,0,0,0,0,0
26/07/2019,24.8,0,0,0,0,0
27/07/2019,23.7,0,0,0,0,0
28/07/2019,24.7,0,0,0,0,0
29/07/2019,26.1,0,0,0,0,0
30/07/2019,22.6,0,0,0,0,0
31/07/2019,20.3,0,0,0,0,0
01/08/2019,19,0,0,0,0,0
02/08/2019,18.1,0,0,0,0,0
03/08/2019,19.3,0,0,0,0,0
04/08/2019,19.4,0,0,0,0,0
05/08/2019,19.9,0,0,0,0,0
06/08/2019,21.7,0,0,0,0,0
07/08/2019,21,0,0,0,0,0
08/08/2019,21.1,0,0,0,0,0
09/08/2019,21.4,0,0,0,0,0
10/08/2019,23.9,0,0,0,0,0
11/08/2019,23,0,0,0,0,0
12/08/2019,20.9,0,0,0,0,0
13/08/2019,18.7,21,19,10,3,53
14/08/2019,16.9,0,0,0,0,0
15/08/2019,17.6,0,0,0,0,0
16/08/2019,18.5,0,0,0,0,0
17/08/2019,19.8,0,0,0,0,0
18/08/2019,20.3,0,0,0,0,0
19/08/2019,19.2,0,0,0,0,0
20/08/2019,18.8,28,26,0,0,54
21/08/2019,18.3,0,0,0,0,0
22/08/2019,19,0,0,0,0,0
23/08/2019,20.9,0,0,0,0,0
24/08/2019,21.9,0,0,0,0,0
25/08/2019,24.5,0,0,0,0,0
26/08/2019,24,0,0,0,0,0
27/08/2019,25,0,0,0,0,0
28/08/2019,25.6,0,0,0,0,0
29/08/2019,24.1,0,0,0,0,0
30/08/2019,24.4,0,0,0,0,0
31/08/2019,26.2,0,0,0,0,0
01/09/2019,24,0,0,0,0,0
02/09/2019,17.5,0,0,0,0,0
03/09/2019,15.8,0,0,0,0,0
04/09/2019,19.8,0,0,0,0,0
05/09/2019,17.8,0,0,0,0,0
06/09/2019,14.8,0,0,0,0,0
07/09/2019,13.5,0,0,0,0,0
08/09/2019,15.8,0,0,0,0,0
09/09/2019,13.8,6,6,7,0,19
10/09/2019,15.3,0,0,0,0,0
11/09/2019,15.4,0,0,0,0,0
12/09/2019,17.6,0,0,0,0,0
13/09/2019,17.2,0,0,0,0,0
14/09/2019,13.5,0,0,0,0,0
15/09/2019,16,0,0,0,0,0
16/09/2019,14.2,0,0,0,0,0
17/09/2019,12.2,0,0,0,0,0
18/09/2019,11.5,0,0,0,0,0
19/09/2019,11.2,1,1,0,0,2
20/09/2019,11.4,0,0,0,0,0
21/09/2019,14,0,0,0,0,0
22/09/2019,15.9,0,0,0,0,0
23/09/2019,16,0,0,0,0,0
24/09/2019,15.4,0,0,0,0,0
25/09/2019,14.8,0,0,0,0,0
26/09/2019,14.9,0,0,0,0,0
27/09/2019,15.1,0,0,0,0,0
28/09/2019,14,0,0,0,0,0
29/09/2019,14.3,0,0,0,0,0
30/09/2019,14.8,0,0,0,0,0
01/10/2019,13.7,0,0,0,0,0
02/10/2019,10.8,0,0,0,0,0
03/10/2019,9.4,0,0,0,0,0
04/10/2019,8.6,0,0,0,0,0
05/10/2019,8.8,0,0,0,0,0
06/10/2019,6.4,0,0,0,0,0
07/10/2019,5.8,0,0,0,0,0
08/10/2019,9.3,0,0,1,0,1
09/10/2019,12.6,0,0,0,0,0
10/10/2019,11.3,0,0,0,0,0
11/10/2019,12.6,0,0,0,0,0
12/10/2019,16.3,0,0,0,0,0
13/10/2019,18.7,0,0,0,0,0
14/10/2019,18.6,0,0,0,0,0
15/10/2019,16,0,0,0,0,0
16/10/2019,11.9,0,0,0,0,0
17/10/2019,14.4,0,0,0,0,0
18/10/2019,14.9,0,0,0,0,0
19/10/2019,11.9,0,0,0,0,0
20/10/2019,14.7,0,0,0,0,0
21/10/2019,14.2,0,0,0,0,0
22/10/2019,13.1,0,0,0,0,0
23/10/2019,11.6,0,0,0,0,0
24/10/2019,13.7,0,0,0,0,0
25/10/2019,13.9,0,0,0,0,0
26/10/2019,14.1,0,0,0,0,0
27/10/2019,12.2,0,0,0,0,0
28/10/2019,8.2,0,0,0,0,0
29/10/2019,5.2,0,0,0,0,0
30/10/2019,2.9,0,0,0,0,0
31/10/2019,1.6,0,0,0,0,0
01/11/2019,2.5,0,0,0,0,0
02/11/2019,10.9,0,0,0,0,0
03/11/2019,10.9,0,0,0,0,0
04/11/2019,10.2,0,0,0,0,0
05/11/2019,9.3,0,0,0,0,0
06/11/2019,8.2,0,0,0,0,0
07/11/2019,8,0,0,0,0,0
08/11/2019,7.2,0,0,0,0,0
09/11/2019,6.9,0,0,0,0,0
10/11/2019,5.1,0,0,0,0,0
11/11/2019,2.8,0,0,0,0,0
12/11/2019,4.1,0,0,0,0,0
13/11/2019,4.8,0,0,0,0,0
14/11/2019,5.2,0,0,0,0,0
15/11/2019,7,0,0,0,0,0
16/11/2019,6.4,0,0,0,0,0
17/11/2019,3.9,0,0,0,0,0
18/11/2019,8.1,0,0,0,0,0
19/11/2019,6.3,0,0,0,0,0
20/11/2019,5.3,0,0,0,0,0
21/11/2019,8,0,0,0,0,0
22/11/2019,8.6,0,0,0,0,0
23/11/2019,6.1,0,0,0,0,0
24/11/2019,4.2,0,0,0,0,0
25/11/2019,4.2,0,0,0,0,0
26/11/2019,6.1,0,0,0,0,0
27/11/2019,6.4,0,0,0,0,0
28/11/2019,9.8,0,0,0,0,0
29/11/2019,5.8,0,0,0,0,0
30/11/2019,1.5,0,0,0,0,0
01/12/2019,2.5,0,0,0,0,0
02/12/2019,3.1,0,0,0,0,0
03/12/2019,2.5,0,0,0,0,0
04/12/2019,4.4,0,0,0,0,0
05/12/2019,0.8,0,0,0,0,0
06/12/2019,2,0,0,0,0,0
07/12/2019,7.8,0,0,0,0,0
08/12/2019,9,0,0,0,0,0
09/12/2019,7.4,0,0,0,0,0
10/12/2019,3.4,0,0,0,0,0
11/12/2019,2.6,0,0,0,0,0
12/12/2019,2.2,0,0,0,0,0
13/12/2019,1.1,0,0,0,0,0
14/12/2019,3.6,0,0,0,0,0
15/12/2019,5.7,0,0,0,0,0
16/12/2019,6.1,0,0,0,0,0
17/12/2019,7.9,0,0,0,0,0
18/12/2019,8.3,0,0,0,0,0
19/12/2019,4,0,0,0,0,0
20/12/2019,6.4,0,0,0,0,0
21/12/2019,6.9,0,0,0,0,0
22/12/2019,2.6,0,0,0,0,0
23/12/2019,6.6,0,0,0,0,0
24/12/2019,6.1,0,0,0,0,0
25/12/2019,5.4,0,0,0,0,0
26/12/2019,4.8,0,0,0,0,0
27/12/2019,3.1,0,0,0,0,0
28/12/2019,1.3,0,0,0,0,0
29/12/2019,-0.3,0,0,0,0,0
30/12/2019,4.2,0,0,0,0,0
31/12/2019,5.9,0,0,0,0,0
01/01/2020,2.6,0,0,0,0,0
02/01/2020,0.4,0,0,0,0,0
03/01/2020,4.4,0,0,0,0,0
04/01/2020,4.2,0,0,0,0,0
05/01/2020,1.6,0,0,0,0,0
06/01/2020,4.8,0,0,0,0,0
07/01/2020,2.6,0,0,0,0,0
08/01/2020,6.1,0,0,0,0,0
09/01/2020,8.2,0,0,0,0,0
10/01/2020,9.4,0,0,0,0,0
11/01/2020,4.7,0,0,0,0,0
12/01/2020,3.4,0,0,0,0,0
13/01/2020,5.6,0,0,0,0,0
14/01/2020,6.7,0,0,0,0,0
15/01/2020,10.3,0,0,0,0,0
16/01/2020,7.3,0,0,0,0,0
17/01/2020,4.3,0,0,0,0,0
18/01/2020,5.5,0,0,0,0,0
19/01/2020,4.1,0,0,0,0,0
20/01/2020,2.3,0,0,0,0,0
21/01/2020,2.3,0,0,0,0,0
22/01/2020,4.2,0,0,0,0,0
23/01/2020,3.5,0,0,0,0,0
24/01/2020,0.3,0,0,0,0,0
25/01/2020,0.6,0,0,0,0,0
26/01/2020,-0.4,0,0,0,0,0
27/01/2020,4.8,0,0,0,0,0
28/01/2020,5.7,0,0,0,0,0
29/01/2020,4.6,0,0,0,0,0
30/01/2020,5.6,0,0,0,0,0
31/01/2020,9.5,0,0,0,0,0
01/02/2020,10.9,0,0,0,0,0
02/02/2020,7.4,0,0,0,0,0
03/02/2020,7.2,0,0,0,0,0
04/02/2020,5.4,0,0,0,0,0
05/02/2020,3.3,0,0,0,0,0
06/02/2020,4.5,0,0,0,0,0
07/02/2020,5.6,0,0,0,0,0
08/02/2020,4.9,0,0,0,0,0
09/02/2020,9.1,0,0,0,0,0
10/02/2020,7.6,0,0,0,0,0
11/02/2020,4.9,0,0,0,0,0
12/02/2020,4.5,0,0,0,0,0
13/02/2020,3.7,0,0,0,0,0
14/02/2020,4,0,0,0,0,0
15/02/2020,5.3,0,0,0,0,0
16/02/2020,11.4,0,0,0,0,0
17/02/2020,10.1,0,0,0,0,0
18/02/2020,7,0,0,0,0,0
19/02/2020,5.3,0,0,0,0,0
20/02/2020,4.9,0,0,0,0,0
21/02/2020,6.1,0,0,0,0,0
22/02/2020,8.3,0,0,0,0,0
23/02/2020,6.8,0,0,0,0,0
24/02/2020,5.1,0,0,0,0,0
25/02/2020,8,0,0,0,0,0
26/02/2020,2.9,0,0,0,0,0
27/02/2020,3.4,0,0,0,0,0
28/02/2020,3.7,0,0,0,0,0
29/02/2020,6.5,0,0,0,0,0
01/03/2020,7.2,0,0,0,0,0
02/03/2020,5.9,0,0,0,0,0
03/03/2020,4.7,0,0,0,0,0
04/03/2020,4.5,0,0,0,0,0
05/03/2020,5,0,0,0,0,0
06/03/2020,5.3,0,0,0,0,0
07/03/2020,4.4,0,0,0,0,0
08/03/2020,4.9,0,0,0,0,0
09/03/2020,7.3,0,0,0,0,0
10/03/2020,6,0,0,0,0,0
11/03/2020,9.9,0,0,0,0,0
12/03/2020,10,0,0,0,0,0
13/03/2020,6.4,0,0,0,0,0
14/03/2020,3.4,0,0,0,0,0
15/03/2020,5.5,0,0,0,0,0
16/03/2020,9.1,0,0,0,0,0
17/03/2020,9.5,0,0,0,0,0
18/03/2020,11.6,0,0,0,0,0
19/03/2020,10.6,0,0,0,0,0
20/03/2020,7.7,0,0,0,0,0
21/03/2020,4.1,0,0,0,0,0
22/03/2020,1.7,0,0,0,0,0
23/03/2020,1.1,0,0,0,0,0
24/03/2020,2.4,0,0,0,0,0
25/03/2020,3.7,0,0,0,0,0
26/03/2020,5.5,0,0,0,0,0
27/03/2020,9.3,0,0,0,0,0
28/03/2020,8,0,0,0,0,0
29/03/2020,3.4,0,0,0,0,0
30/03/2020,0.3,0,0,0,0,0
31/03/2020,1.7,0,0,0,0,0
01/04/2020,3.9,0,0,0,0,0
02/04/2020,7.1,0,0,0,0,0
03/04/2020,7.3,0,0,0,0,0
04/04/2020,7.9,0,0,0,0,0
05/04/2020,9.3,0,0,0,0,0
06/04/2020,13.3,0,0,0,0,0
07/04/2020,13.4,0,0,0,0,0
08/04/2020,14,0,0,0,0,0
09/04/2020,12.5,0,0,0,0,0
10/04/2020,9.9,0,0,0,0,0
11/04/2020,9.3,0,0,0,0,0
12/04/2020,13.6,0,0,0,0,0
13/04/2020,8.6,0,0,0,0,0
14/04/2020,6,0,0,0,0,0
15/04/2020,9.2,0,0,0,0,0
16/04/2020,11.7,0,0,0,0,0
17/04/2020,11.5,0,0,0,0,0
18/04/2020,10.7,0,0,0,0,0
19/04/2020,9.2,0,0,0,0,0
20/04/2020,9.7,0,0,0,0,0
21/04/2020,11.1,0,0,0,0,0
22/04/2020,12.3,0,0,0,0,0
23/04/2020,14.2,0,0,0,0,0
24/04/2020,14.4,0,0,0,0,0
25/04/2020,10.9,0,0,0,0,0
26/04/2020,12.2,0,0,0,0,0
27/04/2020,14.2,0,0,0,0,0
28/04/2020,16.6,0,0,0,0,0
29/04/2020,12.1,0,0,0,0,0
30/04/2020,13.4,0,0,0,0,0
01/05/2020,13.2,0,0,0,0,0
02/05/2020,10.1,0,0,0,0,0
03/05/2020,10.5,0,0,0,0,0
04/05/2020,9.1,0,0,0,0,0
05/05/2020,7.3,0,0,0,0,0
06/05/2020,11,0,0,0,0,0
07/05/2020,10.8,0,0,0,0,0
08/05/2020,14.2,0,0,0,0,0
09/05/2020,15.8,0,0,0,0,0
10/05/2020,17.2,0,0,0,0,0
11/05/2020,8.2,0,0,0,0,0
12/05/2020,6.7,0,0,0,0,0
13/05/2020,9.7,0,0,0,0,0
14/05/2020,9.3,0,0,0,0,0
15/05/2020,9.3,0,0,0,0,0
16/05/2020,12.1,0,0,0,0,0
17/05/2020,13.7,0,0,0,0,0
18/05/2020,16.2,0,0,0,0,0
19/05/2020,15.3,0,0,0,0,0
20/05/2020,15.4,0,0,0,0,0
21/05/2020,14.8,0,0,0,0,0
22/05/2020,16.9,0,0,0,0,0
23/05/2020,15.5,0,0,0,0,0
24/05/2020,12.5,0,0,0,0,0
25/05/2020,11.9,0,0,0,0,0
26/05/2020,14.4,0,0,0,0,0
27/05/2020,15.9,0,0,0,0,0
28/05/2020,15.3,0,0,0,0,0
29/05/2020,14.5,0,0,0,0,0
30/05/2020,13.7,0,0,0,0,0
31/05/2020,15.5,0,0,0,0,0
01/06/2020,16.9,0,0,0,0,0
02/06/2020,19.8,0,0,0,0,0
03/06/2020,18.9,0,0,0,0,0
04/06/2020,18.3,0,0,0,0,0
05/06/2020,14.3,0,0,0,0,0
06/06/2020,13.8,0,0,0,0,0
07/06/2020,14.7,0,0,0,0,0
08/06/2020,17,0,0,0,0,0
09/06/2020,17.9,0,0,0,0,0
10/06/2020,16.7,0,0,0,0,0
11/06/2020,16.9,0,0,0,0,0
12/06/2020,20.3,0,0,0,0,0
13/06/2020,22,0,0,0,0,0
14/06/2020,21,0,0,0,0,0
15/06/2020,20.1,0,0,0,0,0
16/06/2020,20.6,0,0,0,0,0
17/06/2020,22.8,0,0,0,0,0
18/06/2020,21.9,0,0,0,0,0
19/06/2020,18.4,0,0,0,0,0
20/06/2020,17,0,0,0,0,0
21/06/2020,18.2,0,0,0,0,0
22/06/2020,20,0,0,0,0,0
23/06/2020,19.3,0,0,0,0,0
24/06/2020,20.2,0,0,0,0,0
25/06/2020,23.2,0,0,0,0,0
26/06/2020,22.4,0,0,0,0,0
27/06/2020,24.2,0,0,0,0,0
28/06/2020,22.3,0,0,0,0,0
29/06/2020,19.4,0,0,0,0,0
30/06/2020,19.2,0,0,0,0,0
01/07/2020,19.9,0,0,0,0,0
02/07/2020,20.1,0,0,0,0,0
03/07/2020,19.6,0,0,0,0,0
04/07/2020,20.9,0,0,0,0,0
05/07/2020,22.6,0,0,0,0,0
06/07/2020,18.1,0,0,0,0,0
07/07/2020,15.8,0,0,0,0,0
08/07/2020,15.4,0,0,0,0,0
09/07/2020,16.8,0,0,0,0,0
10/07/2020,18.5,0,0,0,0,0
11/07/2020,15.4,0,0,0,0,0
12/07/2020,15.9,0,0,0,0,0
13/07/2020,18.2,31,26,7,1,65
14/07/2020,21.2,0,0,0,0,0
15/07/2020,16.8,0,0,0,0,0
16/07/2020,16.6,0,0,0,0,0
17/07/2020,16.4,0,0,0,0,0
18/07/2020,20.3,0,0,0,0,0
19/07/2020,23.1,0,0,0,0,0
20/07/2020,20.5,1,1,0,0,2
21/07/2020,17.7,0,0,0,0,0
22/07/2020,17.1,0,0,0,0,0
23/07/2020,18.1,0,0,0,0,0
24/07/2020,20.6,0,0,0,0,0
25/07/2020,20.6,0,0,0,0,0
26/07/2020,18.7,0,0,0,0,0
27/07/2020,20,0,0,0,0,0
28/07/2020,22.8,0,0,0,0,0
29/07/2020,19,0,0,0,0,0
30/07/2020,17.7,8,8,8,3,27
31/07/2020,19.7,0,0,0,0,0
01/08/2020,22.1,0,0,0,0,0
02/08/2020,21.1,0,0,0,0,0
03/08/2020,18.8,0,0,0,0,0
04/08/2020,17.9,0,0,0,0,0
05/08/2020,20.3,0,0,0,0,0
06/08/2020,23,0,0,0,0,0
07/08/2020,25.4,0,0,0,0,0
08/08/2020,27.9,0,0,0,0,0
09/08/2020,27.4,0,0,0,0,0
10/08/2020,25.3,0,0,0,0,0
11/08/2020,25.9,12,11,19,5,47
12/08/2020,24.9,0,0,0,0,0
13/08/2020,24.8,0,0,0,0,0
14/08/2020,23.7,0,0,0,0,0
15/08/2020,24.4,0,0,0,0,0
16/08/2020,24.5,0,0,0,0,0
17/08/2020,24.5,0,0,0,0,0
18/08/2020,21.2,0,0,0,0,0
19/08/2020,20.9,7,7,0,0,14
20/08/2020,23.5,0,0,0,0,0
21/08/2020,27.5,0,0,0,0,0
22/08/2020,23.4,0,0,0,0,0
23/08/2020,20.2,0,0,0,0,0
24/08/2020,18.7,0,0,0,0,0
25/08/2020,18.1,35,34,1,0,70
26/08/2020,17.7,0,0,0,0,0
27/08/2020,16.6,0,0,0,0,0
28/08/2020,16.7,0,0,0,0,0
29/08/2020,18.9,0,0,0,0,0
30/08/2020,17.6,0,0,0,0,0
31/08/2020,17.1,0,0,0,0,0
01/09/2020,14.9,0,0,0,0,0
02/09/2020,14.2,0,0,0,0,0
03/09/2020,17.4,0,0,0,0,0
04/09/2020,18.1,0,0,0,0,0
05/09/2020,16.3,0,0,0,0,0
06/09/2020,15.2,0,0,0,0,0
07/09/2020,14.9,0,0,0,0,0
08/09/2020,16.4,0,0,0,0,0
09/09/2020,19.8,0,0,0,0,0
10/09/2020,15.2,0,0,0,0,0
11/09/2020,15.5,0,0,0,0,0
12/09/2020,17.7,0,0,0,0,0
13/09/2020,17.7,0,0,0,0,0
14/09/2020,20.3,0,0,0,0,0
15/09/2020,22.7,0,0,0,0,0
16/09/2020,22,0,0,0,0,0
17/09/2020,15.2,0,0,0,0,0
18/09/2020,12.6,0,0,0,0,0
19/09/2020,13.9,0,0,0,0,0
20/09/2020,15.6,0,0,0,0,0
21/09/2020,16.5,0,0,0,0,0
22/09/2020,18,0,0,0,0,0
23/09/2020,19.6,0,0,0,0,0
24/09/2020,17.7,0,0,1,0,1
25/09/2020,13.4,0,0,0,0,0
26/09/2020,10.4,0,0,0,0,0
27/09/2020,9.6,0,0,0,0,0
28/09/2020,13.4,0,0,0,0,0
29/09/2020,14.2,0,0,0,0,0
30/09/2020,13.4,0,0,0,0,0
01/10/2020,12.1,0,0,0,0,0
02/10/2020,13.9,0,0,0,0,0
03/10/2020,16.5,0,0,0,0,0
04/10/2020,14.5,0,0,0,0,0
05/10/2020,11.5,0,0,0,0,0
06/10/2020,12.5,0,0,0,0,0
07/10/2020,12.6,0,0,0,0,0
08/10/2020,12.2,0,0,0,0,0
09/10/2020,13.2,0,0,0,0,0
10/10/2020,10.6,0,0,0,0,0
11/10/2020,7.5,0,0,0,0,0
12/10/2020,8.7,0,0,0,0,0
13/10/2020,7.4,0,0,0,0,0
14/10/2020,10,0,0,0,0,0
15/10/2020,10.5,0,0,0,0,0
16/10/2020,9.4,0,0,0,0,0
17/10/2020,9.2,0,0,0,0,0
18/10/2020,8,0,0,0,0,0
19/10/2020,8.7,0,0,0,0,0
20/10/2020,8.1,0,0,0,0,0
21/10/2020,11.7,0,0,0,0,0
22/10/2020,15.8,0,0,0,0,0
23/10/2020,14,0,0,0,0,0
24/10/2020,13.3,0,0,0,0,0
25/10/2020,12.5,0,0,0,0,0
26/10/2020,11.1,0,0,0,0,0
27/10/2020,9.9,0,0,0,0,0
28/10/2020,10.4,0,0,0,0,0
29/10/2020,10.2,0,0,0,0,0
30/10/2020,11,0,0,0,0,0
31/10/2020,13.8,0,0,0,0,0
01/11/2020,12.5,0,0,0,0,0
02/11/2020,16.8,0,0,0,0,0
03/11/2020,12.4,0,0,0,0,0
04/11/2020,9.2,0,0,0,0,0
05/11/2020,7.4,0,0,0,0,0
06/11/2020,9,0,0,0,0,0
07/11/2020,7.9,0,0,0,0,0
08/11/2020,4.7,0,0,0,0,0
09/11/2020,5.7,0,0,0,0,0
10/11/2020,5.3,0,0,0,0,0
11/11/2020,6.1,0,0,0,0,0
12/11/2020,7.7,0,0,0,0,0
13/11/2020,7.8,0,0,0,0,0
14/11/2020,11.1,0,0,0,0,0
15/11/2020,10.1,0,0,0,0,0
16/11/2020,9.6,0,0,0,0,0
17/11/2020,9.9,0,0,0,0,0
18/11/2020,11,0,0,0,0,0
19/11/2020,9.3,0,0,0,0,0
20/11/2020,3.4,0,0,0,0,0
21/11/2020,3.5,0,0,0,0,0
22/11/2020,8,0,0,0,0,0
23/11/2020,6.6,0,0,0,0,0
24/11/2020,3.2,0,0,0,0,0
25/11/2020,0.8,0,0,0,0,0
26/11/2020,3.6,0,0,0,0,0
27/11/2020,4.6,0,0,0,0,0
28/11/2020,3.6,0,0,0,0,0
29/11/2020,1.6,0,0,0,0,0
30/11/2020,1.4,0,0,0,0,0
01/12/2020,2.4,0,0,0,0,0
02/12/2020,-0.9,0,0,0,0,0
03/12/2020,-0.9,0,0,0,0,0
04/12/2020,1,0,0,0,0,0
05/12/2020,1.7,0,0,0,0,0
06/12/2020,7.2,0,0,0,0,0
07/12/2020,6,0,0,0,0,0
08/12/2020,4,0,0,0,0,0
09/12/2020,1.7,0,0,0,0,0
10/12/2020,-0.5,0,0,0,0,0
11/12/2020,-0.4,0,0,0,0,0
12/12/2020,1,0,0,0,0,0
13/12/2020,2.9,0,0,0,0,0
14/12/2020,5.2,0,0,0,0,0
15/12/2020,5.5,0,0,0,0,0
16/12/2020,7.9,0,0,0,0,0
17/12/2020,5.3,0,0,0,0,0
18/12/2020,5.4,0,0,0,0,0
19/12/2020,2.8,0,0,0,0,0
20/12/2020,3,0,0,0,0,0
21/12/2020,4.4,0,0,0,0,0
22/12/2020,9.1,0,0,0,0,0
23/12/2020,7.2,0,0,0,0,0
24/12/2020,7,0,0,0,0,0
25/12/2020,2.7,0,0,0,0,0
26/12/2020,0.9,0,0,0,0,0
27/12/2020,1.5,0,0,0,0,0
28/12/2020,2.7,0,0,0,0,0
29/12/2020,2.2,0,0,0,0,0
30/12/2020,2.3,0,0,0,0,0
31/12/2020,2.5,0,0,0,0,0
01/01/2021,2,0,0,0,0,0
02/01/2021,1.1,0,0,0,0,0
03/01/2021,0.5,0,0,0,0,0
04/01/2021,0.7,0,0,0,0,0
05/01/2021,1.6,0,0,0,0,0
06/01/2021,2,0,0,0,0,0
07/01/2021,1.2,0,0,0,0,0
08/01/2021,1,0,0,0,0,0
09/01/2021,1.4,0,0,0,0,0
10/01/2021,0.9,0,0,0,0,0
11/01/2021,0.5,0,0,0,0,0
12/01/2021,1.5,0,0,0,0,0
13/01/2021,1.7,0,0,0,0,0
14/01/2021,1.1,0,0,0,0,0
15/01/2021,-0.2,0,0,0,0,0
16/01/2021,-1.6,0,0,0,0,0
17/01/2021,-1.9,0,0,0,0,0
18/01/2021,-1.7,0,0,0,0,0
19/01/2021,2.5,0,0,0,0,0
20/01/2021,5.9,0,0,0,0,0
21/01/2021,8.6,0,0,0,0,0
22/01/2021,7.4,0,0,0,0,0
23/01/2021,2,0,0,0,0,0
24/01/2021,1,0,0,0,0,0
25/01/2021,1.3,0,0,0,0,0
26/01/2021,1,0,0,0,0,0
27/01/2021,1.8,0,0,0,0,0
28/01/2021,1.7,0,0,0,0,0
29/01/2021,-1.2,0,0,0,0,0
30/01/2021,-1.1,0,0,0,0,0
31/01/2021,-4.5,0,0,0,0,0
01/02/2021,-3.6,0,0,0,0,0
02/02/2021,0.8,0,0,0,0,0
03/02/2021,4.5,0,0,0,0,0
04/02/2021,1.2,0,0,0,0,0
05/02/2021,-0.1,0,0,0,0,0
06/02/2021,-1.8,0,0,0,0,0
07/02/2021,-6,0,0,0,0,0
08/02/2021,-8.9,0,0,0,0,0
09/02/2021,-8.5,0,0,0,0,0
10/02/2021,-7.4,0,0,0,0,0
11/02/2021,-4.6,0,0,0,0,0
12/02/2021,-5,0,0,0,0,0
13/02/2021,-6.3,0,0,0,0,0
14/02/2021,-5.5,0,0,0,0,0
15/02/2021,-5.3,0,0,0,0,0
16/02/2021,1.3,0,0,0,0,0
17/02/2021,4.8,0,0,0,0,0
18/02/2021,6.8,0,0,0,0,0
19/02/2021,6.2,0,0,0,0,0
20/02/2021,5.8,0,0,0,0,0
21/02/2021,8.7,0,0,0,0,0
22/02/2021,6.2,0,0,0,0,0
23/02/2021,10.1,0,0,0,0,0
24/02/2021,12.6,0,0,0,0,0
25/02/2021,11.9,0,0,0,0,0
26/02/2021,7.8,0,0,0,0,0
27/02/2021,5.1,0,0,0,0,0
28/02/2021,2.4,0,0,0,0,0
01/03/2021,4.7,0,0,0,0,0
02/03/2021,3.7,0,0,0,0,0
03/03/2021,6.5,0,0,0,0,0
04/03/2021,4,0,0,0,0,0
05/03/2021,1.8,0,0,0,0,0
06/03/2021,1.4,0,0,0,0,0
07/03/2021,3.1,0,0,0,0,0
08/03/2021,2,0,0,0,0,0
09/03/2021,1.4,0,0,0,0,0
10/03/2021,2.1,0,0,0,0,0
11/03/2021,6.1,0,0,0,0,0
12/03/2021,7.4,0,0,0,0,0
13/03/2021,5.8,0,0,0,0,0
14/03/2021,5,0,0,0,0,0
15/03/2021,4.7,0,0,0,0,0
16/03/2021,4.4,0,0,0,0,0
17/03/2021,1.9,0,0,0,0,0
18/03/2021,2.6,0,0,0,0,0
19/03/2021,0.9,0,0,0,0,0
20/03/2021,0.9,0,0,0,0,0
21/03/2021,5.3,0,0,0,0,0
22/03/2021,5.1,0,0,0,0,0
23/03/2021,5.9,0,0,0,0,0
24/03/2021,8.1,0,0,0,0,0
25/03/2021,8.7,0,0,0,0,0
26/03/2021,10.5,0,0,0,0,0
27/03/2021,6.8,0,0,0,0,0
28/03/2021,7.1,0,0,0,0,0
29/03/2021,13.9,0,0,0,0,0
30/03/2021,14.7,0,0,0,0,0
31/03/2021,14.9,0,0,0,0,0
01/04/2021,11.9,0,0,0,0,0
02/04/2021,6,0,0,0,0,0
03/04/2021,5.9,0,0,0,0,0
04/04/2021,4.9,0,0,0,0,0
05/04/2021,4,0,0,0,0,0
06/04/2021,1.7,0,0,0,0,0
07/04/2021,2.9,0,0,0,0,0
08/04/2021,4.3,0,0,0,0,0
09/04/2021,7.7,0,0,0,0,0
10/04/2021,7.5,0,0,0,0,0
11/04/2021,11.4,0,0,0,0,0
12/04/2021,5.1,0,0,0,0,0
13/04/2021,4.7,0,0,0,0,0
14/04/2021,4.6,0,0,0,0,0
15/04/2021,4.1,0,0,0,0,0
16/04/2021,6.6,12,12,2,0,26
17/04/2021,8.6,0,0,0,0,0
18/04/2021,7.5,0,0,0,0,0
19/04/2021,9.4,0,0,0,0,0
20/04/2021,11.4,0,0,0,0,0
21/04/2021,11,0,0,0,0,0
22/04/2021,7.5,0,0,0,0,0
23/04/2021,8.4,0,0,0,0,0
24/04/2021,7.5,0,0,0,0,0
25/04/2021,6.3,0,0,0,0,0
26/04/2021,4.8,0,0,0,0,0
27/04/2021,6.7,0,0,0,0,0
28/04/2021,10.6,0,0,0,0,0
29/04/2021,11.3,0,0,0,0,0
30/04/2021,8.4,0,0,0,0,0
01/05/2021,9.1,0,0,0,0,0
02/05/2021,8.2,0,0,0,0,0
03/05/2021,7.4,0,0,0,0,0
04/05/2021,9.7,0,0,0,0,0
05/05/2021,9,0,0,0,0,0
06/05/2021,7.7,0,0,0,0,0
07/05/2021,5.7,0,0,0,0,0
08/05/2021,9.1,0,0,0,0,0
09/05/2021,18.2,0,0,0,0,0
10/05/2021,21.6,0,0,0,0,0
11/05/2021,21.2,0,0,0,0,0
12/05/2021,13.9,0,0,0,0,0
13/05/2021,11.5,0,0,0,0,0
14/05/2021,10.6,0,0,0,0,0
15/05/2021,13.1,0,0,0,0,0
16/05/2021,13.1,0,0,0,0,0
17/05/2021,13.4,0,0,0,0,0
18/05/2021,11.6,0,0,0,0,0
19/05/2021,12.3,0,0,0,0,0
20/05/2021,13.2,0,0,0,0,0
21/05/2021,15,0,0,0,0,0
22/05/2021,12.8,0,0,0,0,0
23/05/2021,12.3,0,0,0,0,0
24/05/2021,15,0,0,0,0,0
25/05/2021,13,0,0,0,0,0
26/05/2021,12.2,0,0,0,0,0
27/05/2021,11.7,0,0,0,0,0
28/05/2021,11.7,0,0,0,0,0
29/05/2021,12.2,0,0,0,0,0
30/05/2021,14.2,0,0,0,0,0
31/05/2021,14.3,0,0,0,0,0
01/06/2021,17,0,0,0,0,0
02/06/2021,18.1,0,0,0,0,0
03/06/2021,20.5,0,0,0,0,0
04/06/2021,19,0,0,0,0,0
05/06/2021,21.1,0,0,0,0,0
06/06/2021,22.1,0,0,0,0,0
07/06/2021,20.8,0,0,0,0,0
08/06/2021,21.3,0,0,0,0,0
09/06/2021,20.9,0,0,0,0,0
10/06/2021,22.1,0,0,0,0,0
11/06/2021,22.6,0,0,0,0,0
12/06/2021,19.4,0,0,0,0,0
13/06/2021,15.4,0,0,0,0,0
14/06/2021,19.2,0,0,0,0,0
15/06/2021,20.2,0,0,0,0,0
16/06/2021,20.7,0,0,0,0,0
17/06/2021,26.3,0,0,0,0,0
18/06/2021,28,0,0,0,0,0
19/06/2021,28.1,0,0,0,0,0
20/06/2021,27.8,0,0,0,0,0
21/06/2021,25.8,0,0,0,0,0
22/06/2021,19.2,0,0,0,0,0
23/06/2021,17.3,0,0,0,0,0
24/06/2021,17.1,0,0,0,0,0
25/06/2021,19.9,0,0,0,0,0
26/06/2021,21.3,0,0,0,0,0
27/06/2021,21.6,0,0,0,0,0
28/06/2021,24.5,0,0,0,0,0
29/06/2021,23.8,0,0,0,0,0
30/06/2021,18.1,0,0,0,0,0
01/07/2021,15.8,0,0,0,0,0
02/07/2021,19.5,0,0,0,0,0
03/07/2021,19.8,0,0,0,0,0
04/07/2021,22,0,0,0,0,0
05/07/2021,20.3,0,0,0,0,0
06/07/2021,23,0,0,0,0,0
07/07/2021,19.3,0,0,0,0,0
08/07/2021,18.6,0,0,0,0,0
09/07/2021,18.1,0,0,0,0,0
10/07/2021,19.1,0,0,0,0,0
11/07/2021,22.3,0,0,0,0,0
12/07/2021,22.1,0,0,0,0,0
13/07/2021,23.7,0,0,0,0,0
14/07/2021,22.1,0,0,0,0,0
15/07/2021,21.7,0,0,0,0,0
16/07/2021,23.1,0,0,0,0,0
17/07/2021,23.6,0,0,0,0,0
18/07/2021,22,0,0,0,0,0
19/07/2021,17.8,0,0,0,0,0
20/07/2021,17.7,0,0,0,0,0
21/07/2021,18.3,0,0,0,0,0
22/07/2021,20.2,0,0,0,0,0
23/07/2021,20.4,0,0,0,0,0
24/07/2021,23.1,0,0,0,0,0
25/07/2021,23.6,0,0,0,0,0
26/07/2021,23.8,0,0,0,0,0
27/07/2021,23.3,0,0,0,0,0
28/07/2021,21.5,0,0,0,0,0
29/07/2021,20.8,0,0,0,0,0
30/07/2021,20.1,0,0,0,0,0
31/07/2021,20.8,0,0,0,0,0
01/08/2021,18.1,0,0,0,0,0
02/08/2021,17.4,0,0,0,0,0
03/08/2021,17.4,0,0,0,0,0
04/08/2021,18.6,0,0,0,0,0
05/08/2021,18.5,0,0,0,0,0
06/08/2021,19.6,0,0,0,0,0
07/08/2021,19.6,0,0,0,0,0
08/08/2021,19.4,0,0,0,0,0
09/08/2021,17.6,3,3,1,1,8
10/08/2021,18.1,0,0,0,0,0
11/08/2021,17.8,0,0,0,0,0
12/08/2021,20.3,0,0,0,0,0
13/08/2021,23.3,0,0,0,0,0
14/08/2021,22.2,0,0,0,0,0
15/08/2021,20.7,0,0,0,0,0
16/08/2021,19,0,0,0,0,0
17/08/2021,15.1,0,0,0,0,0
18/08/2021,17,0,0,0,0,0
19/08/2021,18.6,0,0,0,0,0
20/08/2021,18.1,0,0,0,0,0
21/08/2021,18.7,0,0,0,0,0
22/08/2021,18.1,0,0,0,0,0
23/08/2021,16.7,0,0,0,0,0
24/08/2021,16.6,0,0,0,0,0
25/08/2021,15,0,0,0,0,0
26/08/2021,14.7,0,0,0,0,0
27/08/2021,14.2,0,0,0,0,0
28/08/2021,15.3,0,0,0,0,0
29/08/2021,15.8,0,0,0,0,0
30/08/2021,15.7,0,0,0,0,0
31/08/2021,16.3,0,0,0,0,0
01/09/2021,15.6,0,0,0,0,0
02/09/2021,15.9,0,0,0,0,0
03/09/2021,16.5,0,0,0,0,0
04/09/2021,14.1,0,0,0,0,0
05/09/2021,15.6,0,0,0,0,0
06/09/2021,16.5,0,0,0,0,0
07/09/2021,17.5,0,0,0,0,0
08/09/2021,17.9,0,0,0,0,0
09/09/2021,19.6,0,0,0,0,0
10/09/2021,19.9,0,0,0,0,0
11/09/2021,19.3,0,0,0,0,0
12/09/2021,18.2,0,0,0,0,0
13/09/2021,16.4,0,0,0,0,0
14/09/2021,15.9,0,0,0,0,0
15/09/2021,18,0,0,0,0,0
16/09/2021,17.8,0,0,0,0,0
17/09/2021,15.2,0,0,0,0,0
18/09/2021,14.1,0,0,0,0,0
19/09/2021,13.2,0,0,0,0,0
20/09/2021,12.7,0,0,0,0,0
21/09/2021,12.8,0,0,0,0,0
22/09/2021,13.9,0,0,0,0,0
23/09/2021,14.6,0,0,0,0,0
24/09/2021,14.9,0,0,0,0,0
25/09/2021,17.7,0,0,0,0,0
26/09/2021,18.5,0,0,0,0,0
27/09/2021,17.7,0,0,0,0,0
28/09/2021,15.8,0,0,0,0,0
29/09/2021,13.9,0,0,0,0,0
30/09/2021,11.6,0,0,0,0,0
01/10/2021,12.1,0,0,0,0,0
02/10/2021,14.1,0,0,0,0,0
03/10/2021,17.7,0,0,0,0,0
04/10/2021,14.9,0,0,0,0,0
05/10/2021,13.1,0,0,0,0,0
06/10/2021,13.1,0,0,0,0,0
07/10/2021,11.6,0,0,0,0,0
08/10/2021,12.2,0,0,0,0,0
09/10/2021,9.1,0,0,0,0,0
10/10/2021,7.7,0,0,0,0,0
11/10/2021,8.2,0,0,0,0,0
12/10/2021,9.1,0,0,0,0,0
13/10/2021,7.7,0,0,0,0,0
14/10/2021,10.6,0,0,0,0,0
15/10/2021,11.2,0,0,0,0,0
16/10/2021,9,0,0,0,0,0
17/10/2021,9.8,0,0,0,0,0
18/10/2021,11.5,0,0,0,0,0
19/10/2021,12.3,0,0,0,0,0
20/10/2021,15.6,0,0,0,0,0
21/10/2021,13.7,0,0,0,0,0
22/10/2021,7.5,0,0,0,0,0
23/10/2021,7.4,0,0,0,0,0
24/10/2021,7.3,0,0,0,0,0
25/10/2021,6.2,0,0,0,0,0
26/10/2021,9.1,0,0,0,0,0
27/10/2021,12.2,0,0,0,0,0
28/10/2021,11.3,0,0,0,0,0
29/10/2021,8.9,0,0,0,0,0
30/10/2021,9.8,0,0,0,0,0
31/10/2021,13.1,0,0,0,0,0
01/11/2021,10.3,0,0,0,0,0
02/11/2021,9.4,0,0,0,0,0
03/11/2021,6.7,0,0,0,0,0
04/11/2021,6.9,0,0,0,0,0
05/11/2021,8.2,0,0,0,0,0
06/11/2021,9.1,0,0,0,0,0
07/11/2021,8.4,0,0,0,0,0
08/11/2021,8.6,0,0,0,0,0
09/11/2021,8.3,0,0,0,0,0
10/11/2021,4.8,0,0,0,0,0
11/11/2021,5.1,0,0,0,0,0
12/11/2021,7.1,0,0,0,0,0
13/11/2021,4.7,0,0,0,0,0
14/11/2021,6,0,0,0,0,0
15/11/2021,5.6,0,0,0,0,0
16/11/2021,6,0,0,0,0,0
17/11/2021,5.6,0,0,0,0,0
18/11/2021,7.9,0,0,0,0,0
19/11/2021,11.4,0,0,0,0,0
20/11/2021,11.1,0,0,0,0,0
21/11/2021,8.1,0,0,0,0,0
22/11/2021,3.8,0,0,0,0,0
23/11/2021,4.7,0,0,0,0,0
24/11/2021,6.9,0,0,0,0,0
25/11/2021,4.5,0,0,0,0,0
26/11/2021,4.4,0,0,0,0,0
27/11/2021,1.9,0,0,0,0,0
28/11/2021,1.8,0,0,0,0,0
29/11/2021,2.2,0,0,0,0,0
30/11/2021,3.4,0,0,0,0,0
01/12/2021,5.6,0,0,0,0,0
02/12/2021,2.6,0,0,0,0,0
03/12/2021,0.8,0,0,0,0,0
04/12/2021,1.5,0,0,0,0,0
05/12/2021,0.7,0,0,0,0,0
06/12/2021,0.8,0,0,0,0,0
07/12/2021,-0.4,0,0,0,0,0
08/12/2021,-0.1,0,0,0,0,0
09/12/2021,-1.1,0,0,0,0,0
10/12/2021,-0.2,0,0,0,0,0
11/12/2021,-0.6,0,0,0,0,0
12/12/2021,0.6,0,0,0,0,0
13/12/2021,6.8,0,0,0,0,0
14/12/2021,7.4,0,0,0,0,0
15/12/2021,8.5,0,0,0,0,0
16/12/2021,7.6,0,0,0,0,0
17/12/2021,5.4,0,0,0,0,0
18/12/2021,5.8,0,0,0,0,0
19/12/2021,6.2,0,0,0,0,0
20/12/2021,1.3,0,0,0,0,0
21/12/2021,0.6,0,0,0,0,0
22/12/2021,-0.5,0,0,0,0,0
23/12/2021,-1.3,0,0,0,0,0
24/12/2021,2.2,0,0,0,0,0
25/12/2021,-5.6,0,0,0,0,0
26/12/2021,-6.9,0,0,0,0,0
27/12/2021,-4.1,0,0,0,0,0
28/12/2021,-0.9,0,0,0,0,0
29/12/2021,4.1,0,0,0,0,0
30/12/2021,8.8,0,0,0,0,0
31/12/2021,12.9,0,0,0,0,0
01/01/2022,11.9,0,0,0,0,0
02/01/2022,9.8,0,0,0,0,0
03/01/2022,9,0,0,0,0,0
04/01/2022,6.2,0,0,0,0,0
05/01/2022,3.7,0,0,0,0,0
06/01/2022,1.2,0,0,0,0,0
07/01/2022,0.5,0,0,0,0,0
08/01/2022,1.3,0,0,0,0,0
09/01/2022,1.3,0,0,0,0,0
10/01/2022,3.1,0,0,0,0,0
11/01/2022,-2.3,0,0,0,0,0
12/01/2022,0.6,0,0,0,0,0
13/01/2022,4.1,0,0,0,0,0
14/01/2022,5.4,0,0,0,0,0
15/01/2022,1.7,0,0,0,0,0
16/01/2022,1.9,0,0,0,0,0
17/01/2022,4.2,0,0,0,0,0
18/01/2022,2.7,0,0,0,0,0
19/01/2022,4,0,0,0,0,0
20/01/2022,1.3,0,0,0,0,0
21/01/2022,0,0,0,0,0,0
22/01/2022,2.8,0,0,0,0,0
23/01/2022,5.2,0,0,0,0,0
24/01/2022,5.3,0,0,0,0,0
25/01/2022,3.9,0,0,0,0,0
26/01/2022,2.9,0,0,0,0,0
27/01/2022,4.3,0,0,0,0,0
28/01/2022,4.9,0,0,0,0,0
29/01/2022,5.7,0,0,0,0,0
30/01/2022,5.9,0,0,0,0,0
31/01/2022,2.9,0,0,0,0,0
01/02/2022,3.2,0,0,0,0,0
02/02/2022,5,0,0,0,0,0
03/02/2022,4.2,0,0,0,0,0
04/02/2022,6.6,0,0,0,0,0
05/02/2022,4.4,0,0,0,0,0
06/02/2022,5.4,0,0,0,0,0
07/02/2022,4,0,0,0,0,0
08/02/2022,5.9,0,0,0,0,0
09/02/2022,9,0,0,0,0,0
10/02/2022,7.6,0,0,0,0,0
11/02/2022,3.8,0,0,0,0,0
12/02/2022,1,0,0,0,0,0
13/02/2022,3.2,0,0,0,0,0
14/02/2022,7.6,0,0,0,0,0
15/02/2022,7.3,0,0,0,0,0
16/02/2022,7.3,0,0,0,0,0
17/02/2022,8.3,0,0,0,0,0
18/02/2022,6.7,0,0,0,0,0
19/02/2022,6.2,0,0,0,0,0
20/02/2022,5.3,0,0,0,0,0
21/02/2022,5.8,0,0,0,0,0
22/02/2022,5.6,0,0,0,0,0
23/02/2022,6.5,0,0,0,0,0
24/02/2022,5.7,0,0,0,0,0
25/02/2022,4.4,0,0,0,0,0
26/02/2022,4.3,0,0,0,0,0
27/02/2022,0.6,0,0,0,0,0
28/02/2022,1.5,0,0,0,0,0
01/03/2022,1.8,0,0,0,0,0
02/03/2022,2,0,0,0,0,0
03/03/2022,-0.5,0,0,0,0,0
04/03/2022,1.8,0,0,0,0,0
05/03/2022,0.8,0,0,0,0,0
06/03/2022,0.8,0,0,0,0,0
07/03/2022,3.2,0,0,0,0,0
08/03/2022,3.5,0,0,0,0,0
09/03/2022,4.6,0,0,0,0,0
10/03/2022,4,0,0,0,0,0
11/03/2022,2.8,0,0,0,0,0
12/03/2022,4.6,0,0,0,0,0
13/03/2022,6.3,0,0,0,0,0
14/03/2022,7.4,0,0,0,0,0
15/03/2022,8.5,0,0,0,0,0
16/03/2022,6.8,0,0,0,0,0
17/03/2022,7.5,0,0,0,0,0
18/03/2022,8.7,0,0,0,0,0
19/03/2022,6.5,0,0,0,0,0
20/03/2022,6.6,0,0,0,0,0
21/03/2022,7.3,0,0,0,0,0
22/03/2022,8.5,0,0,0,0,0
23/03/2022,9.9,0,0,0,0,0
24/03/2022,8.3,0,0,0,0,0
25/03/2022,9.5,0,0,0,0,0
26/03/2022,9.2,0,0,0,0,0
27/03/2022,8.9,0,0,0,0,0
28/03/2022,10.5,0,0,0,0,0
29/03/2022,8,0,0,0,0,0
30/03/2022,5.3,0,0,0,0,0
31/03/2022,3.8,0,0,0,0,0
01/04/2022,4,0,0,0,0,0
02/04/2022,2.2,0,0,0,0,0
03/04/2022,2.4,0,0,0,0,0
04/04/2022,3.7,0,0,0,0,0
05/04/2022,6.8,0,0,0,0,0
06/04/2022,10.3,0,0,0,0,0
07/04/2022,10.4,0,0,0,0,0
08/04/2022,7.1,0,0,0,0,0
09/04/2022,5.6,0,0,0,0,0
10/04/2022,4.9,0,0,0,0,0
11/04/2022,7,0,0,0,0,0
12/04/2022,9.4,0,0,0,0,0
13/04/2022,13.8,0,0,0,0,0
14/04/2022,12.4,0,0,0,0,0
15/04/2022,8.4,0,0,0,0,0
16/04/2022,6.9,0,0,0,0,0
17/04/2022,8.2,0,0,0,0,0
18/04/2022,9.2,0,0,0,0,0
19/04/2022,8.8,0,0,0,0,0
20/04/2022,9.4,0,0,0,0,0
21/04/2022,9.5,0,0,0,0,0
22/04/2022,9.7,0,0,0,0,0
23/04/2022,11.4,0,0,0,0,0
24/04/2022,11.3,0,0,0,0,0
25/04/2022,8.9,0,0,0,0,0
26/04/2022,10.9,0,0,0,0,0
27/04/2022,12.3,0,0,0,0,0
28/04/2022,11.4,0,0,0,0,0
29/04/2022,12.4,0,0,0,0,0
30/04/2022,13.1,0,0,0,0,0
01/05/2022,11.7,0,0,0,0,0
02/05/2022,13.3,0,0,0,0,0
03/05/2022,12.9,0,0,0,0,0
04/05/2022,13.7,0,0,0,0,0
05/05/2022,14.5,0,0,0,0,0
06/05/2022,13.9,0,0,0,0,0
07/05/2022,16.7,0,0,0,0,0
08/05/2022,15.3,0,0,0,0,0
09/05/2022,14.2,0,0,0,0,0
10/05/2022,18.8,0,0,0,0,0
11/05/2022,21.8,0,0,0,0,0
12/05/2022,16.6,0,0,0,0,0
13/05/2022,14.8,0,0,0,0,0
14/05/2022,15.6,0,0,0,0,0
15/05/2022,15,0,0,0,0,0
16/05/2022,18.1,0,0,0,0,0
17/05/2022,17.4,0,0,0,0,0
18/05/2022,18,0,0,0,0,0
19/05/2022,21.5,0,0,0,0,0
20/05/2022,20.7,0,0,0,0,0
21/05/2022,15.8,0,0,0,0,0
22/05/2022,14.4,0,0,0,0,0
23/05/2022,16.9,0,0,0,0,0
24/05/2022,17.8,0,0,0,0,0
25/05/2022,15.7,0,0,0,0,0
26/05/2022,16.8,0,0,0,0,0
27/05/2022,14.5,0,0,0,0,0
28/05/2022,11.3,0,0,0,0,0
29/05/2022,11.8,0,0,0,0,0
30/05/2022,12.2,0,0,0,0,0
31/05/2022,14.3,0,0,0,0,0
01/06/2022,15,0,0,0,0,0
02/06/2022,14.5,0,0,0,0,0
03/06/2022,17.6,0,0,0,0,0
04/06/2022,19.3,0,0,0,0,0
05/06/2022,19.9,0,0,0,0,0
06/06/2022,20.4,0,0,0,0,0
07/06/2022,18.8,0,0,0,0,0
08/06/2022,20.2,0,0,0,0,0
09/06/2022,18.4,0,0,0,0,0
10/06/2022,19.3,0,0,0,0,0
11/06/2022,22.1,0,0,0,0,0
12/06/2022,20.6,0,0,0,0,0
13/06/2022,17.1,0,0,0,0,0
14/06/2022,15.1,0,0,0,0,0
15/06/2022,18.1,0,0,0,0,0
16/06/2022,19.2,0,0,0,0,0
17/06/2022,20,0,0,0,0,0
18/06/2022,26.2,0,0,0,0,0
19/06/2022,25.6,0,0,0,0,0
20/06/2022,14.6,0,0,0,0,0
21/06/2022,17.5,0,0,0,0,0
22/06/2022,20.8,0,0,0,0,0
23/06/2022,23,0,0,0,0,0
24/06/2022,24.9,0,0,0,0,0
25/06/2022,23.5,0,0,0,0,0
26/06/2022,25.5,0,0,0,0,0
27/06/2022,27.6,0,0,0,0,0
28/06/2022,21.6,0,0,0,0,0
29/06/2022,21.1,0,0,0,0,0
30/06/2022,23,0,0,0,0,0
01/07/2022,19.8,0,0,0,0,0
02/07/2022,20.1,0,0,0,0,0
03/07/2022,23.4,0,0,0,0,0
04/07/2022,21.3,0,0,0,0,0
05/07/2022,20,33,33,6,2,74
06/07/2022,17.6,0,0,0,0,0
07/07/2022,15.4,0,0,0,0,0
08/07/2022,16.8,0,0,0,0,0
09/07/2022,16.4,0,0,0,0,0
10/07/2022,16,0,0,0,0,0
11/07/2022,17.6,0,0,0,0,0
12/07/2022,20.1,0,0,0,0,0
13/07/2022,23.3,0,0,0,0,0
14/07/2022,20,0,0,0,0,0
15/07/2022,16.5,0,0,0,0,0
16/07/2022,17.8,0,0,0,0,0
17/07/2022,17.2,0,0,0,0,0
18/07/2022,21.8,0,0,0,0,0
19/07/2022,26.2,0,0,0,0,0
20/07/2022,29.2,0,0,0,0,0
21/07/2022,24.9,0,0,0,0,0
22/07/2022,21.2,3,3,4,0,10
23/07/2022,18.8,0,0,0,0,0
24/07/2022,20.5,0,0,0,0,0
25/07/2022,25.6,0,0,0,0,0
26/07/2022,20.1,0,0,0,0,0
27/07/2022,17.1,0,0,0,0,0
28/07/2022,17.5,0,0,0,0,0
29/07/2022,21.5,26,26,0,0,52
30/07/2022,21.7,0,0,0,0,0
31/07/2022,22,0,0,0,0,0
01/08/2022,21.4,0,0,0,0,0
02/08/2022,21.9,0,0,0,0,0
03/08/2022,26.2,0,0,0,0,0
04/08/2022,28.7,0,0,0,0,0
05/08/2022,23.8,0,0,0,0,0
06/08/2022,17.9,0,0,0,0,0
07/08/2022,18.4,0,0,0,0,0
08/08/2022,20.5,0,0,0,0,0
09/08/2022,22.1,0,0,0,0,0
10/08/2022,21.8,0,0,0,0,0
11/08/2022,23.2,0,0,0,0,0
12/08/2022,23.4,9,9,2,0,20
13/08/2022,23.6,0,0,0,0,0
14/08/2022,25.8,0,0,0,0,0
15/08/2022,24,0,0,0,0,0
16/08/2022,23.6,0,0,0,0,0
17/08/2022,25.5,0,0,0,0,0
18/08/2022,25.6,0,0,0,0,0
19/08/2022,21.6,0,0,0,0,0
20/08/2022,20.2,0,0,0,0,0
21/08/2022,19.8,0,0,0,0,0
22/08/2022,19.1,0,0,0,0,0
23/08/2022,20.7,0,0,0,0,0
24/08/2022,21.1,0,0,0,0,0
25/08/2022,22.3,0,0,0,0,0
26/08/2022,21.9,1,1,1,0,3
27/08/2022,20.4,1,1,3,0,5
28/08/2022,17.9,0,0,0,0,0
29/08/2022,16.8,0,0,0,0,0
30/08/2022,17,0,0,0,0,0
31/08/2022,17.1,0,0,0,0,0
01/09/2022,16.6,0,0,0,0,0
02/09/2022,16.2,0,0,0,0,0
03/09/2022,16.4,0,0,0,0,0
04/09/2022,18.3,0,0,0,0,0
05/09/2022,18.5,0,0,1,0,1
06/09/2022,17.9,0,0,0,0,0
07/09/2022,19.4,0,0,0,0,0
08/09/2022,16.6,0,0,0,0,0
09/09/2022,17.4,0,0,0,0,0
10/09/2022,16.7,0,0,0,0,0
11/09/2022,15.6,0,0,0,0,0
12/09/2022,15.3,0,0,0,0,0
13/09/2022,15.2,0,0,0,0,0
14/09/2022,14.8,0,0,0,0,0
15/09/2022,14.4,0,0,0,0,0
16/09/2022,13.6,0,0,0,0,0
17/09/2022,12.3,0,0,0,0,0
18/09/2022,10.9,0,0,0,0,0
19/09/2022,10.7,0,0,0,0,0
20/09/2022,10.4,0,0,0,0,0
21/09/2022,10.7,0,0,0,0,0
22/09/2022,10.9,0,0,0,0,0
23/09/2022,10.6,0,0,0,0,0
24/09/2022,12.4,0,0,0,0,0
25/09/2022,14.2,0,0,0,0,0
26/09/2022,13.4,0,0,0,0,0
27/09/2022,11.3,0,0,0,0,0
28/09/2022,9.2,0,0,0,0,0
29/09/2022,9.5,0,0,0,0,0
30/09/2022,10,0,0,0,0,0
01/10/2022,9.9,0,0,0,0,0
02/10/2022,12.4,0,0,0,0,0
03/10/2022,12.8,0,0,0,0,0
04/10/2022,13.5,0,0,0,0,0
05/10/2022,13.8,0,0,0,0,0
06/10/2022,15.1,0,0,0,0,0
07/10/2022,11.1,0,0,0,0,0
08/10/2022,11.3,0,0,0,0,0
09/10/2022,10.3,0,0,0,0,0
10/10/2022,10.9,0,0,0,0,0
11/10/2022,10.8,0,0,0,0,0
12/10/2022,8.9,0,0,0,0,0
13/10/2022,10.1,0,0,0,0,0
14/10/2022,11.6,0,0,0,0,0
15/10/2022,14.7,0,0,0,0,0
16/10/2022,15.6,0,0,0,0,0
17/10/2022,17.2,0,0,0,0,0
18/10/2022,14.6,0,0,0,0,0
19/10/2022,10.8,0,0,0,0,0
20/10/2022,8.3,0,0,0,0,0
21/10/2022,11.5,0,0,0,0,0
22/10/2022,14.7,0,0,0,0,0
23/10/2022,14.3,0,0,0,0,0
24/10/2022,15.2,0,0,0,0,0
25/10/2022,13.7,0,0,0,0,0
26/10/2022,11.9,0,0,0,0,0
27/10/2022,14,0,0,0,0,0
28/10/2022,16.4,0,0,0,0,0
29/10/2022,16.6,0,0,0,0,0
30/10/2022,15.2,0,0,0,0,0
31/10/2022,12.8,0,0,0,0,0
01/11/2022,13.2,0,0,0,0,0
02/11/2022,10.5,0,0,0,0,0
03/11/2022,8.3,0,0,0,0,0
04/11/2022,9.3,0,0,0,0,0
05/11/2022,8.4,0,0,0,0,0
06/11/2022,7,0,0,0,0,0
07/11/2022,10.6,0,0,0,0,0
08/11/2022,12.2,0,0,0,0,0
09/11/2022,12.1,0,0,0,0,0
10/11/2022,12,0,0,0,0,0
11/11/2022,9.7,0,0,0,0,0
12/11/2022,7.2,0,0,0,0,0
13/11/2022,8.8,0,0,0,0,0
14/11/2022,6.9,0,0,0,0,0
15/11/2022,7,0,0,0,0,0
16/11/2022,5.7,0,0,0,0,0
17/11/2022,3.9,0,0,0,0,0
18/11/2022,-0.9,0,0,0,0,0
19/11/2022,-2,0,0,0,0,0
20/11/2022,-0.4,0,0,0,0,0
21/11/2022,-1.9,0,0,0,0,0
22/11/2022,-0.3,0,0,0,0,0
23/11/2022,2.5,0,0,0,0,0
24/11/2022,2.1,0,0,0,0,0
25/11/2022,4.6,0,0,0,0,0
26/11/2022,7.5,0,0,0,0,0
27/11/2022,5.4,0,0,0,0,0
28/11/2022,3.8,0,0,0,0,0
29/11/2022,3.8,0,0,0,0,0
30/11/2022,3,0,0,0,0,0
01/12/2022,0.5,0,0,0,0,0
02/12/2022,0.6,0,0,0,0,0
03/12/2022,-1.2,0,0,0,0,0
04/12/2022,1,0,0,0,0,0
05/12/2022,3.1,0,0,0,0,0
06/12/2022,2.4,0,0,0,0,0
07/12/2022,2.3,0,0,0,0,0
08/12/2022,1.5,0,0,0,0,0
09/12/2022,-1.7,0,0,0,0,0
10/12/2022,-1.7,0,0,0,0,0
11/12/2022,-2.2,0,0,0,0,0
12/12/2022,-1.3,0,0,0,0,0
13/12/2022,-2.2,0,0,0,0,0
14/12/2022,-6.5,0,0,0,0,0
15/12/2022,-7.1,0,0,0,0,0
16/12/2022,-5.2,0,0,0,0,0
17/12/2022,-3.4,0,0,0,0,0
18/12/2022,-5.8,0,0,0,0,0
19/12/2022,-0.6,0,0,0,0,0
20/12/2022,5.8,0,0,0,0,0
21/12/2022,6.4,0,0,0,0,0
22/12/2022,7,0,0,0,0,0
23/12/2022,6.3,0,0,0,0,0
24/12/2022,6.2,0,0,0,0,0
25/12/2022,4.6,0,0,0,0,0
26/12/2022,9.5,0,0,0,0,0
27/12/2022,4.1,0,0,0,0,0
28/12/2022,6,0,0,0,0,0
29/12/2022,9.8,0,0,0,0,0
30/12/2022,7.5,0,0,0,0,0
31/12/2022,14.2,0,0,0,0,0
01/01/2023,14.5,0,0,0,0,0
02/01/2023,13.1,0,0,0,0,0
03/01/2023,5.6,0,0,0,0,0
04/01/2023,6.7,0,0,0,0,0
05/01/2023,8.4,0,0,0,0,0
06/01/2023,6.6,0,0,0,0,0
07/01/2023,8,0,0,0,0,0
08/01/2023,6.9,0,0,0,0,0
09/01/2023,6.1,0,0,0,0,0
10/01/2023,6.3,0,0,0,0,0
11/01/2023,6.5,0,0,0,0,0
12/01/2023,8.5,0,0,0,0,0
13/01/2023,9.2,0,0,0,0,0
14/01/2023,7.3,0,0,0,0,0
15/01/2023,6.6,0,0,0,0,0
16/01/2023,4.8,0,0,0,0,0
17/01/2023,3,0,0,0,0,0
18/01/2023,-0.2,0,0,0,0,0
19/01/2023,-1.2,0,0,0,0,0
20/01/2023,0.4,0,0,0,0,0
21/01/2023,0.9,0,0,0,0,0
22/01/2023,1.5,0,0,0,0,0
23/01/2023,1.7,0,0,0,0,0
24/01/2023,0.7,0,0,0,0,0
25/01/2023,0.7,0,0,0,0,0
26/01/2023,-0.8,0,0,0,0,0
27/01/2023,1.6,0,0,0,0,0
28/01/2023,0.1,0,0,0,0,0
29/01/2023,0.9,0,0,0,0,0
30/01/2023,3.7,0,0,0,0,0
31/01/2023,4.2,0,0,0,0,0
01/02/2023,4.4,0,0,0,0,0
02/02/2023,4,0,0,0,0,0
03/02/2023,5.4,0,0,0,0,0
04/02/2023,1.4,0,0,0,0,0
05/02/2023,-2.2,0,0,0,0,0
06/02/2023,-2.7,0,0,0,0,0
07/02/2023,-3,0,0,0,0,0
08/02/2023,-2.3,0,0,0,0,0
09/02/2023,-1.2,0,0,0,0,0
10/02/2023,2.7,0,0,0,0,0
11/02/2023,5.6,0,0,0,0,0
12/02/2023,7,0,0,0,0,0
13/02/2023,6.8,0,0,0,0,0
14/02/2023,5.3,0,0,0,0,0
15/02/2023,2.6,0,0,0,0,0
16/02/2023,5.7,0,0,0,0,0
17/02/2023,9.1,0,0,0,0,0
18/02/2023,7.1,0,0,0,0,0
19/02/2023,4.3,0,0,0,0,0
20/02/2023,6.7,0,0,0,0,0
21/02/2023,9.2,0,0,0,0,0
22/02/2023,7.2,0,0,0,0,0
23/02/2023,6.2,0,0,0,0,0
24/02/2023,3.6,0,0,0,0,0
25/02/2023,1.7,0,0,0,0,0
26/02/2023,0.8,0,0,0,0,0
27/02/2023,0.3,0,0,0,0,0
28/02/2023,1.2,0,0,0,0,0
01/03/2023,1.1,0,0,0,0,0
02/03/2023,0,0,0,0,0,0
03/03/2023,0.9,0,0,0,0,0
04/03/2023,4.3,0,0,0,0,0
05/03/2023,2.2,0,0,0,0,0
06/03/2023,0.7,0,0,0,0,0
07/03/2023,1.3,0,0,0,0,0
08/03/2023,0.9,0,0,0,0,0
09/03/2023,0.6,0,0,0,0,0
10/03/2023,3.2,0,0,0,0,0
11/03/2023,1.2,0,0,0,0,0
12/03/2023,2.7,0,0,0,0,0
13/03/2023,10.8,0,0,0,0,0
14/03/2023,9.5,0,0,0,0,0
15/03/2023,2.6,0,0,0,0,0
16/03/2023,4.1,0,0,0,0,0
17/03/2023,8.3,0,0,0,0,0
18/03/2023,11.7,0,0,0,0,0
19/03/2023,10.8,0,0,0,0,0
20/03/2023,10.1,0,0,0,0,0
21/03/2023,9.5,0,0,0,0,0
22/03/2023,12.4,0,0,0,0,0
23/03/2023,12.4,0,0,0,0,0
24/03/2023,12.4,0,0,0,0,0
25/03/2023,9.7,0,0,0,0,0
26/03/2023,8.2,0,0,0,0,0
27/03/2023,3.7,0,0,0,0,0
28/03/2023,3.2,0,0,0,0,0
29/03/2023,6,0,0,0,0,0
30/03/2023,11.4,0,0,0,0,0
31/03/2023,10.8,0,0,0,0,0
01/04/2023,7.9,0,0,0,0,0
02/04/2023,4.4,0,0,0,0,0
03/04/2023,2.3,0,0,0,0,0
04/04/2023,2.3,0,0,0,0,0
05/04/2023,3.5,0,0,0,0,0
06/04/2023,5.9,0,0,0,0,0
07/04/2023,4,0,0,0,0,0
08/04/2023,7.6,0,0,0,0,0
09/04/2023,6.8,0,0,0,0,0
10/04/2023,9.9,0,0,0,0,0
11/04/2023,9.4,0,0,0,0,0
12/04/2023,8.3,0,0,0,0,0
13/04/2023,9.4,0,0,0,0,0
14/04/2023,7.7,0,0,0,0,0
15/04/2023,9.4,0,0,0,0,0
16/04/2023,9.4,0,0,0,0,0
17/04/2023,7.2,0,0,0,0,0
18/04/2023,8.7,0,0,0,0,0
19/04/2023,7.2,0,0,0,0,0
20/04/2023,9.5,0,0,0,0,0
21/04/2023,14.3,0,0,0,0,0
22/04/2023,15.3,0,0,0,0,0
23/04/2023,14,0,0,0,0,0
24/04/2023,12.9,0,0,0,0,0
25/04/2023,8.5,0,0,0,0,0
26/04/2023,6.5,0,0,0,0,0
27/04/2023,7.7,0,0,0,0,0
28/04/2023,9.6,0,0,0,0,0
29/04/2023,11.6,0,0,0,0,0
30/04/2023,9.4,0,0,0,0,0
01/05/2023,11.9,0,0,0,0,0
02/05/2023,11.5,0,0,0,0,0
03/05/2023,10.1,0,0,0,0,0
04/05/2023,12.3,0,0,0,0,0
05/05/2023,14.1,0,0,0,0,0
06/05/2023,8.5,0,0,0,0,0
07/05/2023,11.3,0,0,0,0,0
08/05/2023,11.8,0,0,0,0,0
09/05/2023,13.7,0,0,0,0,0
10/05/2023,15.9,0,0,0,0,0
11/05/2023,16.8,0,0,0,0,0
12/05/2023,17.2,0,0,0,0,0
13/05/2023,16.5,0,0,0,0,0
14/05/2023,15.2,0,0,0,0,0
15/05/2023,13.9,0,0,0,0,0
16/05/2023,12.4,0,0,0,0,0
17/05/2023,10.8,0,0,0,0,0
18/05/2023,11.4,0,0,0,0,0
19/05/2023,13.2,0,0,0,0,0
20/05/2023,14.4,0,0,0,0,0
21/05/2023,20.4,0,0,0,0,0
22/05/2023,20.7,0,0,0,0,0
23/05/2023,15.8,0,0,0,0,0
24/05/2023,11.8,0,0,0,0,0
25/05/2023,14.3,0,0,0,0,0
26/05/2023,14.4,0,0,0,0,0
27/05/2023,14.9,0,0,0,0,0
28/05/2023,16.8,0,0,0,0,0
29/05/2023,16.7,0,0,0,0,0
30/05/2023,16.2,0,0,0,0,0
31/05/2023,18,0,0,0,0,0
01/06/2023,16.5,0,0,0,0,0
02/06/2023,14.2,0,0,0,0,0
03/06/2023,14,0,0,0,0,0
04/06/2023,16.5,0,0,0,0,0
05/06/2023,19.3,0,0,0,0,0
06/06/2023,19.5,0,0,0,0,0
07/06/2023,22.8,0,0,0,0,0
08/06/2023,23.3,0,0,0,0,0
09/06/2023,22.5,0,0,0,0,0
10/06/2023,21.2,0,0,0,0,0
11/06/2023,21.6,0,0,0,0,0
12/06/2023,20.8,0,0,0,0,0
13/06/2023,18.6,0,0,0,0,0
14/06/2023,17.6,0,0,0,0,0
15/06/2023,18.3,0,0,0,0,0
16/06/2023,16.1,0,0,0,0,0
17/06/2023,16.6,0,0,0,0,0
18/06/2023,19.8,0,0,0,0,0
19/06/2023,22.1,0,0,0,0,0
20/06/2023,21.8,0,0,0,0,0
21/06/2023,23.7,0,0,0,0,0
22/06/2023,23.6,0,0,0,0,0
23/06/2023,17.4,0,0,0,0,0
24/06/2023,19.7,0,0,0,0,0
25/06/2023,21.8,0,0,0,0,0
26/06/2023,22.2,0,0,0,0,0
27/06/2023,17,0,0,0,0,0
28/06/2023,18.1,0,0,0,0,0
29/06/2023,19.9,0,0,0,0,0
30/06/2023,19.3,0,0,0,0,0
01/07/2023,19.6,0,0,0,0,0
02/07/2023,19,0,0,0,0,0
03/07/2023,18,0,0,0,0,0
04/07/2023,18.8,0,0,0,0,0
05/07/2023,19,0,0,0,0,0
06/07/2023,18.1,0,0,0,0,0
07/07/2023,20.4,0,0,0,0,0
08/07/2023,23.5,9,9,0,0,18
09/07/2023,24.6,0,0,0,0,0
10/07/2023,23.5,0,0,0,0,0
11/07/2023,23.4,0,0,0,0,0
12/07/2023,24.1,0,0,0,0,0
13/07/2023,20.2,0,0,0,0,0
14/07/2023,20.4,0,0,0,0,0
15/07/2023,25.6,0,0,0,0,0
16/07/2023,23.8,0,0,0,0,0
17/07/2023,22.1,0,0,0,0,0
18/07/2023,19.5,7,6,2,0,15
19/07/2023,19.9,0,0,0,0,0
20/07/2023,17.8,0,0,0,0,0
21/07/2023,15.9,0,0,0,0,0
22/07/2023,17.2,0,0,0,0,0
23/07/2023,20.3,0,0,0,0,0
24/07/2023,21.3,0,0,0,0,0
25/07/2023,17.7,0,0,0,0,0
26/07/2023,16.2,3,3,7,0,13
27/07/2023,15.6,0,0,0,0,0
28/07/2023,19,0,0,0,0,0
29/07/2023,19.5,0,0,0,0,0
30/07/2023,18.9,0,0,0,0,0
31/07/2023,17.6,0,0,0,0,0
01/08/2023,18.3,0,0,0,0,0
02/08/2023,18.7,0,0,0,0,0
03/08/2023,18.9,0,0,0,0,0
04/08/2023,18.8,0,0,0,0,0
05/08/2023,17.5,0,0,0,0,0
06/08/2023,16.3,0,0,0,0,0
07/08/2023,16.4,4,3,2,1,10
08/08/2023,14.9,0,0,0,0,0
09/08/2023,15.6,0,0,0,0,0
10/08/2023,15.9,0,0,0,0,0
11/08/2023,18.2,0,0,0,0,0
12/08/2023,21.6,0,0,0,0,0
13/08/2023,22.1,0,0,0,0,0
14/08/2023,22.9,0,0,0,0,0
15/08/2023,24.1,0,0,0,0,0
16/08/2023,23.2,0,0,0,0,0
17/08/2023,21.8,0,0,0,0,0
18/08/2023,24.1,0,0,0,0,0
19/08/2023,25.1,0,0,0,0,0
20/08/2023,24.6,0,0,0,0,0
21/08/2023,22.9,0,0,0,0,0
22/08/2023,21.2,0,0,0,0,0
23/08/2023,20.5,0,0,0,0,0
24/08/2023,21.9,0,0,0,0,0
25/08/2023,23.7,0,0,0,0,0
26/08/2023,20.4,0,0,0,0,0
27/08/2023,17.1,0,0,0,0,0
28/08/2023,16.3,0,0,0,0,0
29/08/2023,15.4,0,0,0,0,0
30/08/2023,16.2,0,0,0,0,0
31/08/2023,14.6,0,0,0,0,0
01/09/2023,15.2,0,0,0,0,0
02/09/2023,16.2,0,0,0,0,0
03/09/2023,17,0,0,0,0,0
04/09/2023,18.3,0,0,0,0,0
05/09/2023,20.8,0,0,0,0,0
06/09/2023,20.8,0,0,0,0,0
07/09/2023,21.3,0,0,0,0,0
08/09/2023,21.2,0,0,0,0,0
09/09/2023,21.7,0,0,0,0,0
10/09/2023,21.7,0,0,0,0,0
11/09/2023,22.3,0,0,0,0,0
12/09/2023,22.1,0,0,1,0,1
13/09/2023,19,0,0,0,0,0
14/09/2023,15.3,0,0,0,0,0
15/09/2023,16.2,0,0,0,0,0
16/09/2023,18.2,0,0,0,0,0
17/09/2023,19.7,0,0,0,0,0
18/09/2023,20.7,0,0,0,0,0
19/09/2023,18.3,0,0,0,0,0
20/09/2023,18.8,0,0,0,0,0
21/09/2023,20.7,0,0,0,0,0
22/09/2023,17,0,0,1,1,2
23/09/2023,14.9,0,0,1,0,1
24/09/2023,14.1,0,0,0,0,0
25/09/2023,14.8,0,0,0,0,0
26/09/2023,17,0,0,0,0,0
27/09/2023,18.9,0,0,0,0,0
28/09/2023,19.3,0,0,0,0,0
29/09/2023,18.5,0,0,0,0,0
30/09/2023,15.8,0,0,0,0,0
01/10/2023,15.6,0,0,0,0,0
02/10/2023,19.6,0,0,0,0,0
03/10/2023,18.1,0,0,0,0,0
04/10/2023,14.2,0,0,0,0,0
05/10/2023,12.9,0,0,0,0,0
06/10/2023,14.6,0,0,0,0,0
07/10/2023,16.1,0,0,0,0,0
08/10/2023,12,0,0,0,0,0
09/10/2023,10.2,0,0,0,0,0
10/10/2023,13.7,0,0,0,0,0
11/10/2023,18.2,0,0,0,0,0
12/10/2023,15.6,0,0,0,0,0
13/10/2023,17,0,0,0,0,0
14/10/2023,15.3,0,0,0,0,0
15/10/2023,8.7,0,0,0,0,0
16/10/2023,7.3,0,0,0,0,0
17/10/2023,6.9,0,0,0,0,0
18/10/2023,5.9,0,0,0,0,0
19/10/2023,6.8,0,0,0,0,0
20/10/2023,6,0,0,0,0,0
21/10/2023,10.7,0,0,0,0,0
22/10/2023,12.7,0,0,0,0,0
23/10/2023,10.9,0,0,0,0,0
24/10/2023,11.1,0,0,0,0,0
25/10/2023,11.2,0,0,0,0,0
26/10/2023,9.9,0,0,0,0,0
27/10/2023,9.5,0,0,0,0,0
28/10/2023,10,0,0,0,0,0
29/10/2023,11.7,0,0,0,0,0
30/10/2023,13,0,0,0,0,0
31/10/2023,11.2,0,0,0,0,0
01/11/2023,10.3,0,0,0,0,0
02/11/2023,11,0,0,0,0,0
03/11/2023,9.7,0,0,0,0,0
04/11/2023,8.8,0,0,0,0,0
05/11/2023,10.1,0,0,0,0,0
06/11/2023,11.2,0,0,0,0,0
07/11/2023,9.8,0,0,0,0,0
08/11/2023,8.8,0,0,0,0,0
09/11/2023,9.5,0,0,0,0,0
10/11/2023,8.9,0,0,0,0,0
11/11/2023,6,0,0,0,0,0
12/11/2023,6.5,0,0,0,0,0
13/11/2023,6.9,0,0,0,0,0
14/11/2023,10.9,0,0,0,0,0
15/11/2023,7.7,0,0,0,0,0
16/11/2023,6.5,0,0,0,0,0
17/11/2023,4,0,0,0,0,0
18/11/2023,4.5,0,0,0,0,0
19/11/2023,7.7,0,0,0,0,0
20/11/2023,9.7,0,0,0,0,0
21/11/2023,3.8,0,0,0,0,0
22/11/2023,-0.2,0,0,0,0,0
23/11/2023,6.8,0,0,0,0,0
24/11/2023,4.5,0,0,0,0,0
25/11/2023,1.2,0,0,0,0,0
26/11/2023,-0.2,0,0,0,0,0
27/11/2023,0,0,0,0,0,0
28/11/2023,-1.7,0,0,0,0,0
29/11/2023,-1.3,0,0,0,0,0
30/11/2023,-2.8,0,0,0,0,0
01/12/2023,-5.2,0,0,0,0,0
02/12/2023,-4.7,0,0,0,0,0
03/12/2023,-2.3,0,0,0,0,0
04/12/2023,-3,0,0,0,0,0
05/12/2023,-1.4,0,0,0,0,0
06/12/2023,0.6,0,0,0,0,0
07/12/2023,1.1,0,0,0,0,0
08/12/2023,1,0,0,0,0,0
09/12/2023,2.8,0,0,0,0,0
10/12/2023,5.3,0,0,0,0,0
11/12/2023,7.9,0,0,0,0,0
12/12/2023,6,0,0,0,0,0
13/12/2023,4.6,0,0,0,0,0
14/12/2023,3.2,0,0,0,0,0
15/12/2023,3.3,0,0,0,0,0
16/12/2023,7.5,0,0,0,0,0
17/12/2023,8.1,0,0,0,0,0
18/12/2023,6.3,0,0,0,0,0
19/12/2023,6.2,0,0,0,0,0
20/12/2023,5.6,0,0,0,0,0
21/12/2023,7,0,0,0,0,0
22/12/2023,3.8,0,0,0,0,0
23/12/2023,1.7,0,0,0,0,0
24/12/2023,6.5,0,0,0,0,0
25/12/2023,10.2,0,0,0,0,0
26/12/2023,8.6,0,0,0,0,0
27/12/2023,4.2,0,0,0,0,0
28/12/2023,8.2,0,0,0,0,0
29/12/2023,9.5,0,0,0,0,0
30/12/2023,6.6,0,0,0,0,0
31/12/2023,6,0,0,0,0,0
01/01/2024,6.4,0,0,0,0,0
02/01/2024,4.9,0,0,0,0,0
03/01/2024,9.6,0,0,0,0,0
04/01/2024,4.6,0,0,0,0,0
05/01/2024,0.5,0,0,0,0,0
06/01/2024,-0.2,0,0,0,0,0
07/01/2024,-2.1,0,0,0,0,0
08/01/2024,-6.8,0,0,0,0,0
09/01/2024,-7.8,0,0,0,0,0
10/01/2024,-6.4,0,0,0,0,0
11/01/2024,-3.5,0,0,0,0,0
12/01/2024,-0.1,0,0,0,0,0
13/01/2024,2,0,0,0,0,0
14/01/2024,2.5,0,0,0,0,0
15/01/2024,1.5,0,0,0,0,0
16/01/2024,-0.9,0,0,0,0,0
17/01/2024,-2.3,0,0,0,0,0
18/01/2024,-2.1,0,0,0,0,0
19/01/2024,-0.9,0,0,0,0,0
20/01/2024,0.7,0,0,0,0,0
21/01/2024,-0.6,0,0,0,0,0
22/01/2024,6.6,0,0,0,0,0
23/01/2024,6.1,0,0,0,0,0
24/01/2024,8.8,0,0,0,0,0
25/01/2024,7.5,0,0,0,0,0
26/01/2024,5,0,0,0,0,0
27/01/2024,5.1,0,0,0,0,0
28/01/2024,2.7,0,0,0,0,0
29/01/2024,3.8,0,0,0,0,0
30/01/2024,4.8,0,0,0,0,0
31/01/2024,6,0,0,0,0,0
01/02/2024,6.3,0,0,0,0,0
02/02/2024,6.2,0,0,0,0,0
03/02/2024,9.6,0,0,0,0,0
04/02/2024,7.5,0,0,0,0,0
05/02/2024,9.7,0,0,0,0,0
06/02/2024,10.3,0,0,0,0,0
07/02/2024,4.7,0,0,0,0,0
08/02/2024,1,0,0,0,0,0
09/02/2024,3.2,0,0,0,0,0
10/02/2024,9.6,0,0,0,0,0
11/02/2024,8.1,0,0,0,0,0
12/02/2024,7.2,0,0,0,0,0
13/02/2024,5.7,0,0,0,0,0
14/02/2024,5.9,0,0,0,0,0
15/02/2024,11,0,0,0,0,0
16/02/2024,11.9,0,0,0,0,0
17/02/2024,9.1,0,0,0,0,0
18/02/2024,7,0,0,0,0,0
19/02/2024,8,0,0,0,0,0
20/02/2024,8.2,0,0,0,0,0
21/02/2024,8.5,0,0,0,0,0
22/02/2024,9.7,0,0,0,0,0
23/02/2024,8.4,0,0,0,0,0
24/02/2024,5.8,0,0,0,0,0
25/02/2024,5.8,0,0,0,0,0
26/02/2024,5.8,0,0,0,0,0
27/02/2024,4.8,0,0,0,0,0
28/02/2024,2.9,0,0,0,0,0
29/02/2024,4.3,0,0,0,0,0
01/03/2024,7.7,0,0,0,0,0
02/03/2024,9.1,0,0,0,0,0
03/03/2024,10.3,0,0,0,0,0
04/03/2024,9.3,0,0,0,0,0
05/03/2024,5,0,0,0,0,0
06/03/2024,3.9,0,0,0,0,0
07/03/2024,5,0,0,0,0,0
08/03/2024,3.6,0,0,0,0,0
09/03/2024,5.4,0,0,0,0,0
10/03/2024,8.2,0,0,0,0,0
11/03/2024,10.4,0,0,0,0,0
12/03/2024,9.2,0,0,0,0,0
13/03/2024,9.9,0,0,0,0,0
14/03/2024,11,0,0,0,0,0
15/03/2024,12.4,0,0,0,0,0
16/03/2024,9.8,0,0,0,0,0
17/03/2024,4.8,0,0,0,0,0
18/03/2024,2.4,0,0,0,0,0
19/03/2024,4,0,0,0,0,0
20/03/2024,10.4,0,0,0,0,0
21/03/2024,10.5,0,0,0,0,0
22/03/2024,9.4,0,0,0,0,0
23/03/2024,6.1,0,0,0,0,0
24/03/2024,4.9,0,0,0,0,0
25/03/2024,6.2,0,0,0,0,0
26/03/2024,7.6,0,0,0,0,0
27/03/2024,11.7,0,0,0,0,0
28/03/2024,10.2,0,0,0,0,0
29/03/2024,10.6,0,0,0,0,0
30/03/2024,14.4,0,0,0,0,0
31/03/2024,13.9,0,0,0,0,0
01/04/2024,13.2,0,0,0,0,0
02/04/2024,11.5,0,0,0,0,0
03/04/2024,10.4,0,0,0,0,0
04/04/2024,11.9,0,0,0,0,0
05/04/2024,14.5,0,0,0,0,0
06/04/2024,17.2,0,0,0,0,0
07/04/2024,18.6,0,0,0,0,0
08/04/2024,19.6,0,0,0,0,0
09/04/2024,18,0,0,0,0,0
10/04/2024,12,0,0,0,0,0
11/04/2024,12,0,0,0,0,0
12/04/2024,15.8,0,0,0,0,0
13/04/2024,17.3,0,0,0,0,0
14/04/2024,15.3,0,0,0,0,0
15/04/2024,10.7,0,0,0,0,0
16/04/2024,7,0,0,0,0,0
17/04/2024,6.2,0,0,0,0,0
18/04/2024,6.6,0,0,0,0,0
19/04/2024,6.4,0,0,0,0,0
20/04/2024,6.1,0,0,0,0,0
21/04/2024,4.1,0,0,0,0,0
22/04/2024,2.5,0,0,0,0,0
23/04/2024,4.8,0,0,0,0,0
24/04/2024,6.7,0,0,0,0,0
25/04/2024,5.9,0,0,0,0,0
26/04/2024,9.3,0,0,0,0,0
27/04/2024,12.8,0,0,0,0,0
28/04/2024,16.5,0,0,0,0,0
29/04/2024,17.1,0,0,0,0,0
30/04/2024,19.6,0,0,0,0,0
01/05/2024,20.9,0,0,0,0,0
02/05/2024,20.6,0,0,0,0,0
03/05/2024,18.9,0,0,0,0,0
04/05/2024,16,0,0,0,0,0
05/05/2024,16.3,0,0,0,0,0
06/05/2024,13.7,0,0,0,0,0
07/05/2024,11.9,0,0,0,0,0
08/05/2024,12.9,0,0,0,0,0
09/05/2024,13.7,0,0,0,0,0
10/05/2024,16.4,0,0,0,0,0
11/05/2024,15.1,0,0,0,0,0
12/05/2024,15.3,0,0,0,0,0
13/05/2024,16.9,0,0,0,0,0
14/05/2024,18.7,0,0,0,0,0
15/05/2024,20.1,0,0,0,0,0
16/05/2024,20.2,0,0,0,0,0
17/05/2024,19.5,0,0,0,0,0
18/05/2024,16.4,0,0,0,0,0
19/05/2024,16.5,0,0,0,0,0
20/05/2024,16.8,0,0,0,0,0
21/05/2024,20.6,0,0,0,0,0
22/05/2024,20.6,0,0,0,0,0
23/05/2024,18.8,0,0,0,0,0
24/05/2024,18.9,0,0,0,0,0
25/05/2024,18.7,0,0,0,0,0
26/05/2024,19.8,0,0,0,0,0
27/05/2024,20.1,0,0,0,0,0
28/05/2024,16.5,0,0,0,0,0
29/05/2024,17,0,0,0,0,0
30/05/2024,16.8,0,0,0,0,0
31/05/2024,17.9,0,0,0,0,0
01/06/2024,20.8,0,0,0,0,0
02/06/2024,19.9,0,0,0,0,0
03/06/2024,14.6,0,0,0,0,0
04/06/2024,16.4,0,0,0,0,0
05/06/2024,16.1,0,0,0,0,0
06/06/2024,15.9,0,0,0,0,0
07/06/2024,16.2,0,0,0,0,0
08/06/2024,18.2,0,0,0,0,0
09/06/2024,16.1,0,0,0,0,0
10/06/2024,14.7,0,0,0,0,0
11/06/2024,13.7,0,0,0,0,0
12/06/2024,13.1,0,0,0,0,0
13/06/2024,14.1,0,0,0,0,0
14/06/2024,14.3,0,0,0,0,0
15/06/2024,17.2,0,0,0,0,0
16/06/2024,18.6,0,0,0,0,0
17/06/2024,19.7,0,0,0,0,0
18/06/2024,20,0,0,0,0,0
19/06/2024,16.6,0,0,0,0,0
20/06/2024,17.4,0,0,0,0,0
21/06/2024,20.7,0,0,0,0,0
22/06/2024,19.5,0,0,0,0,0
23/06/2024,18.9,0,0,0,0,0
24/06/2024,19.5,0,0,0,0,0
25/06/2024,21,0,0,0,0,0
26/06/2024,24.5,0,0,0,0,0
27/06/2024,25.1,0,0,0,0,0
28/06/2024,23.4,0,0,0,0,0
29/06/2024,22.9,0,0,0,0,0
30/06/2024,22.3,0,0,0,0,0
01/07/2024,17.5,0,0,0,0,0
02/07/2024,14.9,0,0,0,0,0
03/07/2024,15.1,0,0,0,0,0
04/07/2024,15.6,0,0,0,0,0
05/07/2024,16.6,0,0,0,0,0
06/07/2024,21.5,0,0,0,0,0
07/07/2024,19.2,0,0,0,0,0
08/07/2024,20.3,0,0,0,0,0
09/07/2024,25,0,0,0,0,0
10/07/2024,24.3,0,0,0,0,0
11/07/2024,22.6,0,0,0,0,0
12/07/2024,20.6,0,0,0,0,0
13/07/2024,19,0,0,0,0,0
14/07/2024,19.6,0,0,0,0,0
15/07/2024,22.2,0,0,0,0,0
16/07/2024,21.4,0,0,0,0,0
17/07/2024,21.4,0,0,0,0,0
18/07/2024,24.7,0,0,0,0,0
19/07/2024,22.6,33,33,4,0,70
20/07/2024,20.7,0,0,0,0,0
21/07/2024,20.9,0,0,0,0,0
22/07/2024,17.9,0,0,0,0,0
23/07/2024,17.8,0,0,0,0,0
24/07/2024,19.3,0,0,0,0,0
25/07/2024,18.4,11,11,11,2,35
26/07/2024,18,0,0,0,0,0
27/07/2024,19.9,0,0,0,0,0
28/07/2024,21.5,0,0,0,0,0
29/07/2024,20.5,8,7,16,3,34
30/07/2024,20.7,0,0,0,0,0
31/07/2024,20.4,0,0,0,0,0
01/08/2024,20.8,1,1,1,0,3
02/08/2024,21,20,14,72,10,116
03/08/2024,20.9,6,6,1,1,14
04/08/2024,20.6,0,0,0,0,0
05/08/2024,19.8,0,0,0,0,0
06/08/2024,20.2,0,0,0,0,0
07/08/2024,20.8,4,4,64,4,76
08/08/2024,20.8,0,0,0,0,0
09/08/2024,19.9,0,0,0,0,0
10/08/2024,19.3,0,0,0,0,0
11/08/2024,19,0,0,0,0,0
12/08/2024,18.8,0,0,0,0,0
13/08/2024,19,0,0,0,0,0
14/08/2024,19,0,0,0,0,0
15/08/2024,19.4,0,0,0,0,0
16/08/2024,19.5,0,0,0,0,0
17/08/2024,19.4,0,0,0,0,0
18/08/2024,19.5,0,0,0,0,0
19/08/2024,20,0,0,0,0,0
20/08/2024,19.5,2,2,2,1,7
21/08/2024,18.8,1,1,1,0,3
22/08/2024,18.7,1,1,1,0,3
23/08/2024,18.6,0,0,0,0,0
24/08/2024,18.6,0,0,0,0,0
25/08/2024,18.9,0,0,0,0,0
26/08/2024,19,0,0,0,0,0
27/08/2024,18.7,0,0,0,0,0
28/08/2024,17.9,0,0,0,0,0
29/08/2024,17.5,0,0,0,0,0
30/08/2024,17.6,0,0,0,0,0
31/08/2024,17.6,0,0,0,0,0
01/09/2024,17,0,0,0,0,0
02/09/2024,16.4,0,0,0,0,0
03/09/2024,16.9,0,0,0,0,0
04/09/2024,16.7,0,0,0,0,0
05/09/2024,16.4,0,0,0,0,0
06/09/2024,16.7,0,0,0,0,0
07/09/2024,16.7,0,0,0,0,0
08/09/2024,16.7,0,0,0,0,0
09/09/2024,16.3,0,0,0,0,0
10/09/2024,16.8,2,2,0,0,4
11/09/2024,16.8,0,0,0,0,0
12/09/2024,16.5,0,0,0,0,0
13/09/2024,15.7,0,0,5,1,6
14/09/2024,15.6,0,0,0,0,0
15/09/2024,15.5,0,0,0,0,0
16/09/2024,14.7,1,1,1,0,3
17/09/2024,14.4,0,0,0,0,0
18/09/2024,14.5,0,0,0,0,0
19/09/2024,14.1,0,0,0,0,0
20/09/2024,14.4,0,0,0,0,0
21/09/2024,14.8,0,0,0,0,0
22/09/2024,14.1,0,0,0,0,0
23/09/2024,13.6,0,0,0,0,0
24/09/2024,13.6,0,0,0,0,0
25/09/2024,13.3,0,0,0,0,0
26/09/2024,13.4,0,0,0,0,0
27/09/2024,13.7,0,0,0,0,0
28/09/2024,13.3,0,0,0,0,0
29/09/2024,13.7,0,0,0,0,0
30/09/2024,12.9,0,0,0,0,0
01/10/2024,12.3,0,0,0,0,0
02/10/2024,12.4,0,0,0,0,0
03/10/2024,12.4,0,0,0,0,0
04/10/2024,12.6,0,0,0,0,0
05/10/2024,12.1,0,0,0,0,0
06/10/2024,12,0,0,0,0,0
07/10/2024,11.3,0,0,1,0,1
08/10/2024,10.5,0,0,0,0,0
09/10/2024,10.5,0,0,0,0,0
10/10/2024,10.2,0,0,0,0,0
11/10/2024,10.8,0,0,0,0,0
12/10/2024,10.5,0,0,0,0,0
13/10/2024,9.9,0,0,0,0,0
14/10/2024,10.1,0,0,0,0,0
15/10/2024,10.4,0,0,0,0,0
16/10/2024,9.9,0,0,0,0,0
17/10/2024,9.9,0,0,0,0,0
18/10/2024,9.1,0,0,0,0,0
19/10/2024,8.8,0,0,0,0,0
20/10/2024,9,0,0,0,0,0
21/10/2024,9.5,0,0,0,0,0
22/10/2024,9.5,0,0,0,0,0
23/10/2024,9.5,0,0,0,0,0
24/10/2024,9.3,0,0,0,0,0
25/10/2024,9.9,0,0,0,0,0
26/10/2024,10.2,0,0,0,0,0
27/10/2024,9.7,0,0,0,0,0
28/10/2024,8.9,0,0,0,0,0
29/10/2024,8.1,0,0,0,0,0
30/10/2024,8.2,0,0,0,0,0
31/10/2024,8.4,0,0,0,0,0
01/11/2024,7.8,0,0,0,0,0
02/11/2024,8.2,0,0,0,0,0
03/11/2024,7.9,0,0,0,0,0
04/11/2024,7.8,0,0,0,0,0
05/11/2024,7.9,0,0,0,0,0
06/11/2024,7.4,0,0,0,0,0
07/11/2024,7.2,0,0,0,0,0
08/11/2024,7.1,0,0,0,0,0
09/11/2024,6.4,0,0,0,0,0
10/11/2024,5.9,0,0,0,0,0
11/11/2024,5.5,0,0,0,0,0
12/11/2024,5.6,0,0,0,0,0
13/11/2024,5.4,0,0,0,0,0
14/11/2024,5.2,0,0,0,0,0
15/11/2024,5.7,0,0,0,0,0
16/11/2024,5.7,0,0,0,0,0
17/11/2024,5.4,0,0,0,0,0
18/11/2024,5.7,0,0,0,0,0
19/11/2024,5.5,0,0,0,0,0
20/11/2024,4.5,0,0,0,0,0
21/11/2024,4.4,0,0,0,0,0
22/11/2024,4.8,0,0,0,0,0
23/11/2024,4.5,0,0,0,0,0
24/11/2024,3.9,0,0,0,0,0
25/11/2024,3.9,0,0,0,0,0
26/11/2024,4.1,0,0,0,0,0
27/11/2024,4,0,0,0,0,0
28/11/2024,3.9,0,0,0,0,0
29/11/2024,3.8,0,0,0,0,0
30/11/2024,3.2,0,0,0,0,0
01/12/2024,2.9,0,0,0,0,0
02/12/2024,2.8,0,0,0,0,0
03/12/2024,2.5,0,0,0,0,0
04/12/2024,2.9,0,0,0,0,0
05/12/2024,3.3,0,0,0,0,0
06/12/2024,3.8,0,0,0,0,0
07/12/2024,3.8,0,0,0,0,0
08/12/2024,3.5,0,0,0,0,0
09/12/2024,3.3,0,0,0,0,0
10/12/2024,2.2,0,0,0,0,0
11/12/2024,2.5,0,0,0,0,0
12/12/2024,2.9,0,0,0,0,0
13/12/2024,1.7,0,0,0,0,0
14/12/2024,1.9,0,0,0,0,0
15/12/2024,1.9,0,0,0,0,0
16/12/2024,1.9,0,0,0,0,0
17/12/2024,2.2,0,0,0,0,0
18/12/2024,2,0,0,0,0,0
19/12/2024,1.3,0,0,0,0,0
20/12/2024,1.3,0,0,0,0,0
