Date,IB,DB,IH,IE,casesB,deadB,casesE,casesT
01/01/2018,1,0,0,0,0,0,0,0
02/01/2018,1,0,0,0,0,0,0,0
03/01/2018,0,0,0,0,0,0,0,0
04/01/2018,0,0,0,0,0,0,0,0
05/01/2018,0,0,0,0,0,0,0,0
06/01/2018,0,0,0,0,0,0,0,0
07/01/2018,0,0,0,0,0,0,0,0
08/01/2018,0,0,0,0,0,0,0,0
09/01/2018,0,0,0,0,0,0,0,0
10/01/2018,0,0,0,0,0,0,0,0
11/01/2018,0,0,0,0,0,0,0,0
12/01/2018,0,0,0,0,0,0,0,0
13/01/2018,0,0,0,0,0,0,0,0
14/01/2018,0,0,0,0,0,0,0,0
15/01/2018,0,0,0,0,0,0,0,0
16/01/2018,0,0,0,0,0,0,0,0
17/01/2018,0,0,0,0,0,0,0,0
18/01/2018,0,0,0,0,0,0,0,0
19/01/2018,0,0,0,0,0,0,0,0
20/01/2018,0,0,0,0,0,0,0,0
21/01/2018,0,0,0,0,0,0,0,0
22/01/2018,0,0,0,0,0,0,0,0
23/01/2018,0,0,0,0,0,0,0,0
24/01/2018,0,0,0,0,0,0,0,0
25/01/2018,0,0,0,0,0,0,0,0
26/01/2018,0,0,0,0,0,0,0,0
27/01/2018,0,0,0,0,0,0,0,0
28/01/2018,0,0,0,0,0,0,0,0
29/01/2018,0,0,0,0,0,0,0,0
30/01/2018,0,0,0,0,0,0,0,0
31/01/2018,0,0,0,0,0,0,0,0
01/02/2018,0,0,0,0,0,0,0,0
02/02/2018,0,0,0,0,0,0,0,0
03/02/2018,0,0,0,0,0,0,0,0
04/02/2018,0,0,0,0,0,0,0,0
05/02/2018,0,0,0,0,0,0,0,0
06/02/2018,0,0,0,0,0,0,0,0
07/02/2018,0,0,0,0,0,0,0,0
08/02/2018,0,0,0,0,0,0,0,0
09/02/2018,0,0,0,0,0,0,0,0
10/02/2018,0,0,0,0,0,0,0,0
11/02/2018,0,0,0,0,0,0,0,0
12/02/2018,0,0,0,0,0,0,0,0
13/02/2018,0,0,0,0,0,0,0,0
14/02/2018,0,0,0,0,0,0,0,0
15/02/2018,0,0,0,0,0,0,0,0
16/02/2018,0,0,0,0,0,0,0,0
17/02/2018,0,0,0,0,0,0,0,0
18/02/2018,0,0,0,0,0,0,0,0
19/02/2018,0,0,0,0,0,0,0,0
20/02/2018,0,0,0,0,0,0,0,0
21/02/2018,0,0,0,0,0,0,0,0
22/02/2018,0,0,0,0,0,0,0,0
23/02/2018,0,0,0,0,0,0,0,0
24/02/2018,0,0,0,0,0,0,0,0
25/02/2018,0,0,0,0,0,0,0,0
26/02/2018,0,0,0,0,0,0,0,0
27/02/2018,0,0,0,0,0,0,0,0
28/02/2018,0,0,0,0,0,0,0,0
01/03/2018,0,0,0,0,0,0,0,0
02/03/2018,0,0,0,0,0,0,0,0
03/03/2018,0,0,0,0,0,0,0,0
04/03/2018,0,0,0,0,0,0,0,0
05/03/2018,0,0,0,0,0,0,0,0
06/03/2018,0,0,0,0,0,0,0,0
07/03/2018,0,0,0,0,0,0,0,0
08/03/2018,0,0,0,0,0,0,0,0
09/03/2018,0,0,0,0,0,0,0,0
10/03/2018,0,0,0,0,0,0,0,0
11/03/2018,0,0,0,0,0,0,0,0
12/03/2018,0,0,0,0,0,0,0,0
13/03/2018,0,0,0,0,0,0,0,0
14/03/2018,0,0,0,0,0,0,0,0
15/03/2018,0,0,0,0,0,0,0,0
16/03/2018,0,0,0,0,0,0,0,0
17/03/2018,0,0,0,0,0,0,0,0
18/03/2018,0,0,0,0,0,0,0,0
19/03/2018,0,0,0,0,0,0,0,0
20/03/2018,0,0,0,0,0,0,0,0
21/03/2018,0,0,0,0,0,0,0,0
22/03/2018,0,0,0,0,0,0,0,0
23/03/2018,0,0,0,0,0,0,0,0
24/03/2018,0,0,0,0,0,0,0,0
25/03/2018,0,0,0,0,0,0,0,0
26/03/2018,0,0,0,0,0,0,0,0
27/03/2018,1,0,0,0,0,0,0,0
28/03/2018,1,0,0,0,0,0,0,0
29/03/2018,1,0,0,0,0,0,0,0
30/03/2018,1,0,0,0,0,0,0,0
31/03/2018,1,0,0,0,0,0,0,0
01/04/2018,1,0,0,0,0,0,0,0
02/04/2018,1,0,0,1,0,0,0,0
03/04/2018,1,0,0,1,0,0,0,0
04/04/2018,2,0,0,1,0,0,0,0
05/04/2018,2,0,0,1,0,0,0,0
06/04/2018,2,1,0,1,0,0,0,0
07/04/2018,2,1,0,1,0,0,0,0
08/04/2018,3,1,0,1,0,0,0,0
09/04/2018,3,1,0,1,0,0,0,0
10/04/2018,3,1,0,2,0,0,0,0
11/04/2018,4,1,0,2,0,0,0,0
12/04/2018,4,1,0,2,0,0,0,0
13/04/2018,5,1,0,2,0,0,0,0
14/04/2018,5,1,0,3,0,0,0,0
15/04/2018,6,1,0,3,0,0,0,0
16/04/2018,6,2,0,3,0,0,0,0
17/04/2018,7,2,0,4,0,0,0,0
18/04/2018,8,2,0,4,0,0,0,0
19/04/2018,8,2,0,5,0,0,0,0
20/04/2018,9,2,0,5,0,0,0,0
21/04/2018,10,3,0,6,0,0,0,0
22/04/2018,11,3,0,6,0,0,0,0
23/04/2018,11,3,0,7,0,0,0,0
24/04/2018,12,3,0,8,0,0,0,0
25/04/2018,13,3,0,8,0,0,0,0
26/04/2018,14,4,0,9,0,0,0,0
27/04/2018,14,4,0,10,0,0,0,0
28/04/2018,15,4,0,11,0,0,0,0
29/04/2018,16,4,0,12,0,0,0,0
30/04/2018,17,4,0,12,0,0,0,0
01/05/2018,17,5,0,13,0,0,0,0
02/05/2018,18,5,0,14,0,0,0,0
03/05/2018,19,5,0,15,0,0,0,0
04/05/2018,19,5,0,16,0,0,0,0
05/05/2018,19,5,0,17,0,0,0,0
06/05/2018,20,5,0,18,0,0,0,0
07/05/2018,20,6,0,19,0,0,0,0
08/05/2018,20,6,0,20,0,0,0,0
09/05/2018,20,6,0,21,0,0,0,0
10/05/2018,21,6,0,22,0,0,0,0
11/05/2018,21,6,0,22,0,0,0,0
12/05/2018,21,6,0,23,0,0,0,0
13/05/2018,21,6,0,24,0,0,0,0
14/05/2018,21,6,0,25,0,0,0,0
15/05/2018,21,6,0,26,0,0,0,0
16/05/2018,21,6,0,26,0,0,0,0
17/05/2018,21,6,0,27,0,0,0,0
18/05/2018,21,6,0,28,0,0,0,0
19/05/2018,21,6,0,28,0,0,0,0
20/05/2018,21,6,0,29,0,0,0,0
21/05/2018,21,6,0,30,0,0,0,0
22/05/2018,21,6,0,30,0,0,0,0
23/05/2018,21,6,0,31,0,0,0,0
24/05/2018,21,6,0,31,0,0,0,0
25/05/2018,21,6,0,32,0,0,0,0
26/05/2018,21,6,0,32,0,0,0,0
27/05/2018,21,6,0,33,0,0,0,0
28/05/2018,21,6,0,33,0,0,0,0
29/05/2018,22,6,0,33,0,0,0,0
30/05/2018,22,6,0,34,0,0,0,0
31/05/2018,22,6,0,34,0,0,0,0
01/06/2018,22,6,0,34,0,0,0,0
02/06/2018,22,6,0,35,0,0,0,0
03/06/2018,22,6,0,35,0,0,0,0
04/06/2018,22,6,0,35,0,0,0,0
05/06/2018,22,6,0,36,0,0,0,0
06/06/2018,22,6,0,36,0,0,0,0
07/06/2018,22,6,0,36,0,0,0,0
08/06/2018,22,6,0,37,0,0,0,0
09/06/2018,23,6,0,37,0,0,0,0
10/06/2018,23,6,0,37,0,0,0,0
11/06/2018,23,6,0,37,0,0,0,0
12/06/2018,23,6,0,38,0,0,0,0
13/06/2018,23,6,0,38,0,0,0,0
14/06/2018,24,7,0,38,0,0,0,0
15/06/2018,24,7,0,39,0,0,0,0
16/06/2018,24,7,0,39,0,0,0,0
17/06/2018,24,7,0,39,0,0,0,0
18/06/2018,25,7,0,39,0,0,0,0
19/06/2018,25,7,0,40,0,0,0,0
20/06/2018,26,7,0,40,0,0,0,0
21/06/2018,26,7,0,41,0,0,0,0
22/06/2018,27,7,1,41,0,0,0,0
23/06/2018,27,7,1,41,0,0,0,0
24/06/2018,28,8,1,42,0,0,0,0
25/06/2018,28,8,1,42,0,0,0,0
26/06/2018,29,8,1,43,0,0,0,0
27/06/2018,30,8,1,43,0,0,0,0
28/06/2018,30,8,1,44,0,0,0,0
29/06/2018,31,9,1,44,0,0,0,0
30/06/2018,32,9,1,45,0,0,0,0
01/07/2018,33,9,1,46,0,0,0,0
02/07/2018,34,9,1,46,0,0,0,0
03/07/2018,35,10,1,47,0,0,0,0
04/07/2018,36,10,1,48,0,0,0,0
05/07/2018,38,10,1,49,0,0,0,0
06/07/2018,39,11,1,50,0,0,0,0
07/07/2018,41,11,1,51,0,0,0,0
08/07/2018,42,11,1,52,0,0,0,0
09/07/2018,44,12,1,53,0,0,0,0
10/07/2018,46,12,1,54,0,0,0,0
11/07/2018,48,13,1,55,0,0,0,0
12/07/2018,50,13,1,57,0,0,0,0
13/07/2018,52,14,1,58,0,0,0,0
14/07/2018,55,15,1,60,0,0,0,0
15/07/2018,57,15,1,62,0,0,0,0
16/07/2018,60,16,1,64,0,0,0,0
17/07/2018,63,17,1,66,0,0,0,0
18/07/2018,67,18,1,68,0,0,0,0
19/07/2018,70,19,1,70,0,0,0,0
20/07/2018,74,20,1,73,0,0,0,0
21/07/2018,78,21,1,75,0,0,0,0
22/07/2018,83,22,1,78,0,0,0,0
23/07/2018,88,23,2,81,0,0,0,0
24/07/2018,93,25,2,85,0,0,0,0
25/07/2018,98,26,2,88,0,0,0,0
26/07/2018,104,28,2,92,0,0,0,0
27/07/2018,111,29,2,96,0,0,0,0
28/07/2018,118,31,2,101,0,0,0,0
29/07/2018,125,33,2,106,0,0,0,0
30/07/2018,133,35,2,111,0,0,0,0
31/07/2018,142,37,2,116,0,0,0,0
01/08/2018,151,40,3,122,0,0,0,0
02/08/2018,161,42,3,128,0,0,0,0
03/08/2018,171,45,3,135,0,0,0,0
04/08/2018,182,48,3,142,0,0,0,0
05/08/2018,194,51,3,149,0,0,0,0
06/08/2018,206,54,4,157,0,0,0,0
07/08/2018,219,58,4,166,0,0,0,0
08/08/2018,232,61,4,175,0,0,0,0
09/08/2018,246,65,4,184,0,0,0,0
10/08/2018,260,69,5,194,0,0,0,0
11/08/2018,275,73,5,204,0,0,0,0
12/08/2018,290,77,5,215,0,0,0,0
13/08/2018,305,81,5,226,0,0,0,0
14/08/2018,320,85,6,237,0,0,0,0
15/08/2018,335,90,6,249,0,0,0,0
16/08/2018,350,94,6,261,0,0,0,0
17/08/2018,365,98,7,274,0,0,0,0
18/08/2018,379,102,7,287,0,0,0,0
19/08/2018,392,106,7,299,0,0,0,0
20/08/2018,404,110,8,312,0,0,0,0
21/08/2018,415,113,8,325,0,0,0,0
22/08/2018,424,116,8,337,0,0,0,0
23/08/2018,432,119,8,349,0,0,0,0
24/08/2018,438,121,8,361,0,0,0,0
25/08/2018,442,123,9,373,0,0,0,0
26/08/2018,445,124,9,384,0,0,0,0
27/08/2018,445,124,9,394,0,0,0,0
28/08/2018,443,125,9,403,6,4,1,11
29/08/2018,439,124,9,412,0,0,0,0
30/08/2018,432,123,9,419,0,0,0,0
31/08/2018,424,121,9,426,0,0,0,0
01/09/2018,414,119,9,431,0,0,0,0
02/09/2018,402,116,9,436,0,0,0,0
03/09/2018,389,113,9,439,0,0,0,0
04/09/2018,374,109,8,441,0,0,0,0
05/09/2018,358,105,8,442,3,3,0,6
06/09/2018,342,100,8,442,0,0,0,0
07/09/2018,324,96,8,441,0,0,0,0
08/09/2018,306,91,7,439,0,0,0,0
09/09/2018,288,86,7,436,0,0,0,0
10/09/2018,270,81,7,432,1,1,0,2
11/09/2018,252,76,6,427,0,0,0,0
12/09/2018,234,70,6,421,2,2,0,4
13/09/2018,217,66,5,414,0,0,0,0
14/09/2018,200,61,5,407,0,0,0,0
15/09/2018,184,56,5,399,0,0,0,0
16/09/2018,169,52,4,390,0,0,0,0
17/09/2018,154,47,4,381,0,0,0,0
18/09/2018,141,43,4,372,0,0,0,0
19/09/2018,128,39,3,362,0,0,0,0
20/09/2018,116,36,3,352,0,0,0,0
21/09/2018,105,33,3,341,0,0,1,2
22/09/2018,95,29,3,331,0,0,0,0
23/09/2018,86,27,2,321,0,0,0,0
24/09/2018,77,24,2,310,0,0,0,0
25/09/2018,69,22,2,299,0,0,0,0
26/09/2018,62,19,2,289,1,1,0,2
27/09/2018,55,17,2,279,0,0,0,0
28/09/2018,50,16,1,268,0,0,0,0
29/09/2018,44,14,1,258,0,0,0,0
30/09/2018,39,12,1,248,0,0,0,0
01/10/2018,35,11,1,238,0,0,0,0
02/10/2018,31,10,1,229,0,0,0,0
03/10/2018,27,9,1,219,0,0,0,0
04/10/2018,24,8,1,210,0,0,0,0
05/10/2018,22,7,1,202,0,0,0,0
06/10/2018,19,6,1,193,0,0,0,0
07/10/2018,17,5,1,185,0,0,0,0
08/10/2018,15,5,0,177,0,0,0,0
09/10/2018,13,4,0,169,0,0,0,0
10/10/2018,12,4,0,161,0,0,0,0
11/10/2018,10,3,0,154,0,0,0,0
12/10/2018,9,3,0,147,0,0,0,0
13/10/2018,8,3,0,140,0,0,0,0
14/10/2018,7,2,0,134,0,0,0,0
15/10/2018,6,2,0,128,0,0,0,0
16/10/2018,5,2,0,122,0,0,0,0
17/10/2018,5,1,0,116,0,0,0,0
18/10/2018,4,1,0,111,0,0,0,0
19/10/2018,4,1,0,105,0,0,0,0
20/10/2018,3,1,0,100,0,0,0,0
21/10/2018,3,1,0,95,0,0,0,0
22/10/2018,2,1,0,91,0,0,0,0
23/10/2018,2,1,0,87,0,0,0,0
24/10/2018,2,1,0,82,0,0,0,0
25/10/2018,2,0,0,78,0,0,0,0
26/10/2018,1,0,0,75,0,0,0,0
27/10/2018,1,0,0,71,0,0,0,0
28/10/2018,1,0,0,67,0,0,0,0
29/10/2018,1,0,0,64,0,0,0,0
30/10/2018,1,0,0,61,0,0,0,0
31/10/2018,1,0,0,58,0,0,0,0
01/11/2018,1,0,0,55,0,0,0,0
02/11/2018,0,0,0,52,0,0,0,0
03/11/2018,0,0,0,50,0,0,0,0
04/11/2018,0,0,0,47,0,0,0,0
05/11/2018,0,0,0,45,0,0,0,0
06/11/2018,0,0,0,43,0,0,0,0
07/11/2018,0,0,0,41,0,0,0,0
08/11/2018,0,0,0,39,0,0,0,0
09/11/2018,0,0,0,37,0,0,0,0
10/11/2018,0,0,0,35,0,0,0,0
11/11/2018,0,0,0,33,0,0,0,0
12/11/2018,0,0,0,32,0,0,0,0
13/11/2018,0,0,0,30,0,0,0,0
14/11/2018,0,0,0,28,0,0,0,0
15/11/2018,0,0,0,27,0,0,0,0
16/11/2018,0,0,0,26,0,0,0,0
17/11/2018,0,0,0,24,0,0,0,0
18/11/2018,0,0,0,23,0,0,0,0
19/11/2018,0,0,0,22,0,0,0,0
20/11/2018,0,0,0,21,0,0,0,0
21/11/2018,0,0,0,20,0,0,0,0
22/11/2018,0,0,0,19,0,0,0,0
23/11/2018,0,0,0,18,0,0,0,0
24/11/2018,0,0,0,17,0,0,0,0
25/11/2018,0,0,0,16,0,0,0,0
26/11/2018,0,0,0,15,0,0,0,0
27/11/2018,0,0,0,15,0,0,0,0
28/11/2018,0,0,0,14,0,0,0,0
29/11/2018,0,0,0,13,0,0,0,0
30/11/2018,0,0,0,13,0,0,0,0
01/12/2018,0,0,0,12,0,0,0,0
02/12/2018,0,0,0,11,0,0,0,0
03/12/2018,0,0,0,11,0,0,0,0
04/12/2018,0,0,0,10,0,0,0,0
05/12/2018,0,0,0,10,0,0,0,0
06/12/2018,0,0,0,9,0,0,0,0
07/12/2018,0,0,0,9,0,0,0,0
08/12/2018,0,0,0,8,0,0,0,0
09/12/2018,0,0,0,8,0,0,0,0
10/12/2018,0,0,0,8,0,0,0,0
11/12/2018,0,0,0,7,0,0,0,0
12/12/2018,0,0,0,7,0,0,0,0
13/12/2018,0,0,0,6,0,0,0,0
14/12/2018,0,0,0,6,0,0,0,0
15/12/2018,0,0,0,6,0,0,0,0
16/12/2018,0,0,0,6,0,0,0,0
17/12/2018,0,0,0,5,0,0,0,0
18/12/2018,0,0,0,5,0,0,0,0
19/12/2018,0,0,0,5,0,0,0,0
20/12/2018,0,0,0,4,0,0,0,0
21/12/2018,0,0,0,4,0,0,0,0
22/12/2018,0,0,0,4,0,0,0,0
23/12/2018,0,0,0,4,0,0,0,0
24/12/2018,0,0,0,4,0,0,0,0
25/12/2018,0,0,0,3,0,0,0,0
26/12/2018,0,0,0,3,0,0,0,0
27/12/2018,0,0,0,3,0,0,0,0
28/12/2018,0,0,0,3,0,0,0,0
29/12/2018,0,0,0,3,0,0,0,0
30/12/2018,0,0,0,3,0,0,0,0
31/12/2018,0,0,0,3,0,0,0,0
01/01/2019,0,0,0,2,0,0,0,0
02/01/2019,0,0,0,2,0,0,0,0
03/01/2019,0,0,0,2,0,0,0,0
04/01/2019,0,0,0,2,0,0,0,0
05/01/2019,0,0,0,2,0,0,0,0
06/01/2019,0,0,0,2,0,0,0,0
07/01/2019,0,0,0,2,0,0,0,0
08/01/2019,0,0,0,2,0,0,0,0
09/01/2019,0,0,0,2,0,0,0,0
10/01/2019,0,0,0,2,0,0,0,0
11/01/2019,0,0,0,1,0,0,0,0
12/01/2019,0,0,0,1,0,0,0,0
13/01/2019,0,0,0,1,0,0,0,0
14/01/2019,0,0,0,1,0,0,0,0
15/01/2019,0,0,0,1,0,0,0,0
16/01/2019,0,0,0,1,0,0,0,0
17/01/2019,0,0,0,1,0,0,0,0
18/01/2019,0,0,0,1,0,0,0,0
19/01/2019,0,0,0,1,0,0,0,0
20/01/2019,0,0,0,1,0,0,0,0
21/01/2019,0,0,0,1,0,0,0,0
22/01/2019,0,0,0,1,0,0,0,0
23/01/2019,0,0,0,1,0,0,0,0
24/01/2019,0,0,0,1,0,0,0,0
25/01/2019,0,0,0,1,0,0,0,0
26/01/2019,0,0,0,1,0,0,0,0
27/01/2019,0,0,0,1,0,0,0,0
28/01/2019,0,0,0,1,0,0,0,0
29/01/2019,0,0,0,1,0,0,0,0
30/01/2019,0,0,0,1,0,0,0,0
31/01/2019,0,0,0,1,0,0,0,0
01/02/2019,0,0,0,1,0,0,0,0
02/02/2019,0,0,0,0,0,0,0,0
03/02/2019,0,0,0,0,0,0,0,0
04/02/2019,0,0,0,0,0,0,0,0
05/02/2019,0,0,0,0,0,0,0,0
06/02/2019,0,0,0,0,0,0,0,0
07/02/2019,0,0,0,0,0,0,0,0
08/02/2019,0,0,0,0,0,0,0,0
09/02/2019,0,0,0,0,0,0,0,0
10/02/2019,0,0,0,0,0,0,0,0
11/02/2019,0,0,0,0,0,0,0,0
12/02/2019,0,0,0,0,0,0,0,0
13/02/2019,0,0,0,0,0,0,0,0
14/02/2019,0,0,0,0,0,0,0,0
15/02/2019,0,0,0,0,0,0,0,0
16/02/2019,0,0,0,0,0,0,0,0
17/02/2019,0,0,0,0,0,0,0,0
18/02/2019,0,0,0,0,0,0,0,0
19/02/2019,0,0,0,0,0,0,0,0
20/02/2019,0,0,0,0,0,0,0,0
21/02/2019,0,0,0,0,0,0,0,0
22/02/2019,0,0,0,0,0,0,0,0
23/02/2019,0,0,0,0,0,0,0,0
24/02/2019,0,0,0,0,0,0,0,0
25/02/2019,0,0,0,0,0,0,0,0
26/02/2019,0,0,0,0,0,0,0,0
27/02/2019,0,0,0,0,0,0,0,0
28/02/2019,0,0,0,0,0,0,0,0
01/03/2019,0,0,0,0,0,0,0,0
02/03/2019,0,0,0,0,0,0,0,0
03/03/2019,0,0,0,0,0,0,0,0
04/03/2019,0,0,0,0,0,0,0,0
05/03/2019,0,0,0,0,0,0,0,0
06/03/2019,0,0,0,0,0,0,0,0
07/03/2019,0,0,0,0,0,0,0,0
08/03/2019,1,0,0,0,0,0,0,0
09/03/2019,1,0,0,0,0,0,0,0
10/03/2019,1,0,0,0,0,0,0,0
11/03/2019,1,0,0,0,0,0,0,0
12/03/2019,1,0,0,0,0,0,0,0
13/03/2019,1,0,0,0,0,0,0,0
14/03/2019,1,0,0,0,0,0,0,0
15/03/2019,1,0,0,0,0,0,0,0
16/03/2019,1,0,0,0,0,0,0,0
17/03/2019,1,0,0,0,0,0,0,0
18/03/2019,1,0,0,0,0,0,0,0
19/03/2019,1,0,0,1,0,0,0,0
20/03/2019,2,0,0,1,0,0,0,0
21/03/2019,2,0,0,1,0,0,0,0
22/03/2019,2,0,0,1,0,0,0,0
23/03/2019,2,1,0,1,0,0,0,0
24/03/2019,2,1,0,1,0,0,0,0
25/03/2019,2,1,0,1,0,0,0,0
26/03/2019,3,1,0,1,0,0,0,0
27/03/2019,3,1,0,1,0,0,0,0
28/03/2019,3,1,0,1,0,0,0,0
29/03/2019,4,1,0,1,0,0,0,0
30/03/2019,4,1,0,1,0,0,0,0
31/03/2019,4,1,0,1,0,0,0,0
01/04/2019,5,1,0,2,0,0,0,0
02/04/2019,5,1,0,2,0,0,0,0
03/04/2019,6,1,0,2,0,0,0,0
04/04/2019,6,2,0,2,0,0,0,0
05/04/2019,7,2,0,2,0,0,0,0
06/04/2019,7,2,0,2,0,0,0,0
07/04/2019,8,2,0,3,0,0,0,0
08/04/2019,9,2,0,3,0,0,0,0
09/04/2019,9,2,0,3,0,0,0,0
10/04/2019,10,3,0,3,0,0,0,0
11/04/2019,11,3,0,4,0,0,0,0
12/04/2019,12,3,0,4,0,0,0,0
13/04/2019,12,3,0,4,0,0,0,0
14/04/2019,13,3,0,5,0,0,0,0
15/04/2019,14,4,0,5,0,0,0,0
16/04/2019,15,4,0,6,0,0,0,0
17/04/2019,16,4,0,6,0,0,0,0
18/04/2019,17,4,0,6,0,0,0,0
19/04/2019,17,5,0,7,0,0,0,0
20/04/2019,18,5,0,7,0,0,0,0
21/04/2019,19,5,0,8,0,0,0,0
22/04/2019,20,5,0,8,0,0,0,0
23/04/2019,20,6,0,9,0,0,0,0
24/04/2019,21,6,0,10,0,0,0,0
25/04/2019,22,6,0,10,0,0,0,0
26/04/2019,23,6,0,11,0,0,0,0
27/04/2019,23,6,0,11,0,0,0,0
28/04/2019,24,6,0,12,0,0,0,0
29/04/2019,24,7,0,12,0,0,0,0
30/04/2019,25,7,0,13,0,0,0,0
01/05/2019,25,7,1,13,0,0,0,0
02/05/2019,26,7,1,14,0,0,0,0
03/05/2019,26,7,1,15,0,0,0,0
04/05/2019,27,7,1,15,0,0,0,0
05/05/2019,27,7,1,16,0,0,0,0
06/05/2019,28,8,1,16,0,0,0,0
07/05/2019,28,8,1,17,0,0,0,0
08/05/2019,29,8,1,17,0,0,0,0
09/05/2019,29,8,1,18,0,0,0,0
10/05/2019,30,8,1,18,0,0,0,0
11/05/2019,30,8,1,19,0,0,0,0
12/05/2019,31,8,1,19,0,0,0,0
13/05/2019,32,9,1,20,0,0,0,0
14/05/2019,32,9,1,20,0,0,0,0
15/05/2019,33,9,1,21,0,0,0,0
16/05/2019,34,9,1,21,0,0,0,0
17/05/2019,35,10,1,22,0,0,0,0
18/05/2019,36,10,1,23,0,0,0,0
19/05/2019,38,10,1,23,0,0,0,0
20/05/2019,39,11,1,24,0,0,0,0
21/05/2019,41,11,1,24,0,0,0,0
22/05/2019,42,11,1,25,0,0,0,0
23/05/2019,44,12,1,26,0,0,0,0
24/05/2019,47,12,1,27,0,0,0,0
25/05/2019,49,13,1,28,0,0,0,0
26/05/2019,52,14,1,28,0,0,0,0
27/05/2019,54,14,1,29,0,0,0,0
28/05/2019,57,15,1,30,0,0,0,0
29/05/2019,60,16,1,31,0,0,0,0
30/05/2019,63,17,1,33,0,0,0,0
31/05/2019,65,18,1,34,0,0,0,0
01/06/2019,69,18,1,35,0,0,0,0
02/06/2019,72,19,1,36,0,0,0,0
03/06/2019,76,20,1,38,0,0,0,0
04/06/2019,79,21,1,39,0,0,0,0
05/06/2019,84,22,2,41,0,0,0,0
06/06/2019,88,23,2,43,0,0,0,0
07/06/2019,92,25,2,44,0,0,0,0
08/06/2019,97,26,2,46,0,0,0,0
09/06/2019,102,27,2,48,0,0,0,0
10/06/2019,107,29,2,50,0,0,0,0
11/06/2019,112,30,2,53,0,0,0,0
12/06/2019,117,31,2,55,0,0,0,0
13/06/2019,122,33,2,57,0,0,0,0
14/06/2019,127,34,2,60,0,0,0,0
15/06/2019,133,36,3,62,0,0,0,0
16/06/2019,138,37,3,65,0,0,0,0
17/06/2019,143,39,3,68,0,0,0,0
18/06/2019,148,40,3,70,0,0,0,0
19/06/2019,153,41,3,73,0,0,0,0
20/06/2019,158,43,3,76,0,0,0,0
21/06/2019,163,44,3,79,0,0,0,0
22/06/2019,168,46,3,82,0,0,0,0
23/06/2019,173,47,3,85,0,0,0,0
24/06/2019,178,48,3,88,0,0,0,0
25/06/2019,183,50,4,91,0,0,0,0
26/06/2019,188,51,4,94,0,0,0,0
27/06/2019,194,53,4,97,0,0,0,0
28/06/2019,199,54,4,101,0,0,0,0
29/06/2019,205,56,4,104,0,0,0,0
30/06/2019,210,57,4,107,0,0,0,0
01/07/2019,216,59,4,110,0,0,0,0
02/07/2019,222,61,4,113,0,0,0,0
03/07/2019,228,62,5,117,14,14,24,56
04/07/2019,234,64,5,120,0,0,0,0
05/07/2019,241,66,5,123,0,0,0,0
06/07/2019,247,67,5,127,0,0,0,0
07/07/2019,253,69,5,130,0,0,0,0
08/07/2019,260,71,5,133,0,0,0,0
09/07/2019,266,73,5,137,0,0,0,0
10/07/2019,273,75,5,140,0,0,0,0
11/07/2019,280,76,6,143,0,0,0,0
12/07/2019,286,78,6,146,0,0,0,0
13/07/2019,293,80,6,150,0,0,0,0
14/07/2019,300,82,6,153,0,0,0,0
15/07/2019,307,84,6,156,0,0,0,0
16/07/2019,314,86,6,160,0,0,0,0
17/07/2019,322,88,7,163,0,0,0,0
18/07/2019,330,90,7,166,0,0,0,0
19/07/2019,338,92,7,169,0,0,0,0
20/07/2019,347,95,7,173,0,0,0,0
21/07/2019,356,97,7,176,0,0,0,0
22/07/2019,366,100,7,179,0,0,0,0
23/07/2019,377,103,8,182,0,0,0,0
24/07/2019,389,106,8,186,0,0,0,0
25/07/2019,402,109,8,189,0,0,0,0
26/07/2019,416,113,8,192,0,0,0,0
27/07/2019,431,117,9,196,0,0,0,0
28/07/2019,447,121,9,200,0,0,0,0
29/07/2019,465,125,9,203,0,0,0,0
30/07/2019,484,130,10,207,0,0,0,0
31/07/2019,504,135,10,211,0,0,0,0
01/08/2019,525,141,11,215,0,0,0,0
02/08/2019,548,147,11,219,0,0,0,0
03/08/2019,572,153,11,224,0,0,0,0
04/08/2019,598,160,12,228,0,0,0,0
05/08/2019,625,167,13,233,0,0,0,0
06/08/2019,654,175,13,237,0,0,0,0
07/08/2019,684,183,14,242,0,0,0,0
08/08/2019,715,191,14,247,0,0,0,0
09/08/2019,747,200,15,252,0,0,0,0
10/08/2019,780,209,16,257,0,0,0,0
11/08/2019,814,218,17,262,0,0,0,0
12/08/2019,849,228,17,267,0,0,0,0
13/08/2019,884,238,18,273,21,19,10,53
14/08/2019,918,247,19,278,0,0,0,0
15/08/2019,952,257,20,283,0,0,0,0
16/08/2019,985,267,21,287,0,0,0,0
17/08/2019,1017,276,22,292,0,0,0,0
18/08/2019,1046,285,22,296,0,0,0,0
19/08/2019,1073,293,23,300,0,0,0,0
20/08/2019,1097,301,24,304,28,26,0,54
21/08/2019,1116,307,25,307,0,0,0,0
22/08/2019,1131,313,25,309,0,0,0,0
23/08/2019,1142,317,26,311,0,0,0,0
24/08/2019,1147,320,26,313,0,0,0,0
25/08/2019,1146,321,27,314,0,0,0,0
26/08/2019,1140,321,27,314,0,0,0,0
27/08/2019,1128,319,27,314,0,0,0,0
28/08/2019,1111,316,27,313,0,0,0,0
29/08/2019,1088,311,27,311,0,0,0,0
30/08/2019,1060,305,27,308,0,0,0,0
31/08/2019,1027,297,26,305,0,0,0,0
01/09/2019,990,288,26,302,0,0,0,0
02/09/2019,949,277,25,298,0,0,0,0
03/09/2019,906,266,24,293,0,0,0,0
04/09/2019,860,254,24,288,0,0,0,0
05/09/2019,812,241,23,282,0,0,0,0
06/09/2019,763,227,22,276,0,0,0,0
07/09/2019,714,214,21,270,0,0,0,0
08/09/2019,665,200,20,263,0,0,0,0
09/09/2019,616,186,19,256,6,6,7,19
10/09/2019,569,173,17,249,0,0,0,0
11/09/2019,523,159,16,242,0,0,0,0
12/09/2019,479,147,15,234,0,0,0,0
13/09/2019,438,134,14,227,0,0,0,0
14/09/2019,398,123,13,220,0,0,0,0
15/09/2019,361,111,12,212,0,0,0,0
16/09/2019,327,101,11,205,0,0,0,0
17/09/2019,295,91,10,197,0,0,0,0
18/09/2019,265,82,9,190,0,0,0,0
19/09/2019,238,74,8,183,1,1,0,2
20/09/2019,214,67,8,176,0,0,0,0
21/09/2019,191,60,7,169,0,0,0,0
22/09/2019,171,53,6,162,0,0,0,0
23/09/2019,152,48,6,155,0,0,0,0
24/09/2019,136,43,5,149,0,0,0,0
25/09/2019,121,38,5,143,0,0,0,0
26/09/2019,108,34,4,137,0,0,0,0
27/09/2019,96,30,4,131,0,0,0,0
28/09/2019,85,27,3,125,0,0,0,0
29/09/2019,76,24,3,119,0,0,0,0
30/09/2019,68,21,3,114,0,0,0,0
01/10/2019,60,19,2,109,0,0,0,0
02/10/2019,54,17,2,104,0,0,0,0
03/10/2019,48,15,2,99,0,0,0,0
04/10/2019,42,13,2,95,0,0,0,0
05/10/2019,38,12,1,90,0,0,0,0
06/10/2019,33,11,1,86,0,0,0,0
07/10/2019,30,9,1,82,0,0,0,0
08/10/2019,26,8,1,78,0,0,1,1
09/10/2019,23,7,1,75,0,0,0,0
10/10/2019,21,7,1,71,0,0,0,0
11/10/2019,19,6,1,68,0,0,0,0
12/10/2019,16,5,1,65,0,0,0,0
13/10/2019,15,5,1,61,0,0,0,0
14/10/2019,13,4,1,58,0,0,0,0
15/10/2019,11,4,0,56,0,0,0,0
16/10/2019,10,3,0,53,0,0,0,0
17/10/2019,9,3,0,50,0,0,0,0
18/10/2019,8,3,0,48,0,0,0,0
19/10/2019,7,2,0,46,0,0,0,0
20/10/2019,6,2,0,43,0,0,0,0
21/10/2019,5,2,0,41,0,0,0,0
22/10/2019,5,2,0,39,0,0,0,0
23/10/2019,4,1,0,37,0,0,0,0
24/10/2019,4,1,0,36,0,0,0,0
25/10/2019,3,1,0,34,0,0,0,0
26/10/2019,3,1,0,32,0,0,0,0
27/10/2019,3,1,0,31,0,0,0,0
28/10/2019,2,1,0,29,0,0,0,0
29/10/2019,2,1,0,28,0,0,0,0
30/10/2019,2,1,0,26,0,0,0,0
31/10/2019,1,0,0,25,0,0,0,0
01/11/2019,1,0,0,24,0,0,0,0
02/11/2019,1,0,0,23,0,0,0,0
03/11/2019,1,0,0,21,0,0,0,0
04/11/2019,1,0,0,20,0,0,0,0
05/11/2019,1,0,0,19,0,0,0,0
06/11/2019,1,0,0,18,0,0,0,0
07/11/2019,1,0,0,17,0,0,0,0
08/11/2019,0,0,0,17,0,0,0,0
09/11/2019,0,0,0,16,0,0,0,0
10/11/2019,0,0,0,15,0,0,0,0
11/11/2019,0,0,0,14,0,0,0,0
12/11/2019,0,0,0,14,0,0,0,0
13/11/2019,0,0,0,13,0,0,0,0
14/11/2019,0,0,0,12,0,0,0,0
15/11/2019,0,0,0,12,0,0,0,0
16/11/2019,0,0,0,11,0,0,0,0
17/11/2019,0,0,0,10,0,0,0,0
18/11/2019,0,0,0,10,0,0,0,0
19/11/2019,0,0,0,9,0,0,0,0
20/11/2019,0,0,0,9,0,0,0,0
21/11/2019,0,0,0,9,0,0,0,0
22/11/2019,0,0,0,8,0,0,0,0
23/11/2019,0,0,0,8,0,0,0,0
24/11/2019,0,0,0,7,0,0,0,0
25/11/2019,0,0,0,7,0,0,0,0
26/11/2019,0,0,0,7,0,0,0,0
27/11/2019,0,0,0,6,0,0,0,0
28/11/2019,0,0,0,6,0,0,0,0
29/11/2019,0,0,0,6,0,0,0,0
30/11/2019,0,0,0,5,0,0,0,0
01/12/2019,0,0,0,5,0,0,0,0
02/12/2019,0,0,0,5,0,0,0,0
03/12/2019,0,0,0,5,0,0,0,0
04/12/2019,0,0,0,4,0,0,0,0
05/12/2019,0,0,0,4,0,0,0,0
06/12/2019,0,0,0,4,0,0,0,0
07/12/2019,0,0,0,4,0,0,0,0
08/12/2019,0,0,0,4,0,0,0,0
09/12/2019,0,0,0,3,0,0,0,0
10/12/2019,0,0,0,3,0,0,0,0
11/12/2019,0,0,0,3,0,0,0,0
12/12/2019,0,0,0,3,0,0,0,0
13/12/2019,0,0,0,3,0,0,0,0
14/12/2019,0,0,0,3,0,0,0,0
15/12/2019,0,0,0,2,0,0,0,0
16/12/2019,0,0,0,2,0,0,0,0
17/12/2019,0,0,0,2,0,0,0,0
18/12/2019,0,0,0,2,0,0,0,0
19/12/2019,0,0,0,2,0,0,0,0
20/12/2019,0,0,0,2,0,0,0,0
21/12/2019,0,0,0,2,0,0,0,0
22/12/2019,0,0,0,2,0,0,0,0
23/12/2019,0,0,0,2,0,0,0,0
24/12/2019,0,0,0,2,0,0,0,0
25/12/2019,0,0,0,1,0,0,0,0
26/12/2019,0,0,0,1,0,0,0,0
27/12/2019,0,0,0,1,0,0,0,0
28/12/2019,0,0,0,1,0,0,0,0
29/12/2019,0,0,0,1,0,0,0,0
30/12/2019,0,0,0,1,0,0,0,0
31/12/2019,0,0,0,1,0,0,0,0
01/01/2020,0,0,0,1,0,0,0,0
02/01/2020,0,0,0,1,0,0,0,0
03/01/2020,0,0,0,1,0,0,0,0
04/01/2020,0,0,0,1,0,0,0,0
05/01/2020,0,0,0,1,0,0,0,0
06/01/2020,0,0,0,1,0,0,0,0
07/01/2020,0,0,0,1,0,0,0,0
08/01/2020,0,0,0,1,0,0,0,0
09/01/2020,0,0,0,1,0,0,0,0
10/01/2020,0,0,0,1,0,0,0,0
11/01/2020,0,0,0,1,0,0,0,0
12/01/2020,0,0,0,1,0,0,0,0
13/01/2020,0,0,0,1,0,0,0,0
14/01/2020,0,0,0,1,0,0,0,0
15/01/2020,0,0,0,1,0,0,0,0
16/01/2020,0,0,0,0,0,0,0,0
17/01/2020,0,0,0,0,0,0,0,0
18/01/2020,0,0,0,0,0,0,0,0
19/01/2020,0,0,0,0,0,0,0,0
20/01/2020,0,0,0,0,0,0,0,0
21/01/2020,0,0,0,0,0,0,0,0
22/01/2020,0,0,0,0,0,0,0,0
23/01/2020,0,0,0,0,0,0,0,0
24/01/2020,0,0,0,0,0,0,0,0
25/01/2020,0,0,0,0,0,0,0,0
26/01/2020,0,0,0,0,0,0,0,0
27/01/2020,0,0,0,0,0,0,0,0
28/01/2020,0,0,0,0,0,0,0,0
29/01/2020,0,0,0,0,0,0,0,0
30/01/2020,0,0,0,0,0,0,0,0
31/01/2020,0,0,0,0,0,0,0,0
01/02/2020,0,0,0,0,0,0,0,0
02/02/2020,0,0,0,0,0,0,0,0
03/02/2020,0,0,0,0,0,0,0,0
04/02/2020,0,0,0,0,0,0,0,0
05/02/2020,0,0,0,0,0,0,0,0
06/02/2020,0,0,0,0,0,0,0,0
07/02/2020,0,0,0,0,0,0,0,0
08/02/2020,0,0,0,0,0,0,0,0
09/02/2020,0,0,0,0,0,0,0,0
10/02/2020,0,0,0,0,0,0,0,0
11/02/2020,0,0,0,0,0,0,0,0
12/02/2020,0,0,0,0,0,0,0,0
13/02/2020,0,0,0,0,0,0,0,0
14/02/2020,0,0,0,0,0,0,0,0
15/02/2020,0,0,0,0,0,0,0,0
16/02/2020,0,0,0,0,0,0,0,0
17/02/2020,0,0,0,0,0,0,0,0
18/02/2020,0,0,0,0,0,0,0,0
19/02/2020,0,0,0,0,0,0,0,0
20/02/2020,0,0,0,0,0,0,0,0
21/02/2020,0,0,0,0,0,0,0,0
22/02/2020,0,0,0,0,0,0,0,0
23/02/2020,0,0,0,0,0,0,0,0
24/02/2020,0,0,0,0,0,0,0,0
25/02/2020,0,0,0,0,0,0,0,0
26/02/2020,1,0,0,0,0,0,0,0
27/02/2020,1,0,0,0,0,0,0,0
28/02/2020,1,0,0,0,0,0,0,0
29/02/2020,1,0,0,0,0,0,0,0
01/03/2020,1,0,0,0,0,0,0,0
02/03/2020,1,0,0,0,0,0,0,0
03/03/2020,1,0,0,0,0,0,0,0
04/03/2020,1,0,0,0,0,0,0,0
05/03/2020,1,0,0,0,0,0,0,0
06/03/2020,1,0,0,0,0,0,0,0
07/03/2020,1,0,0,0,0,0,0,0
08/03/2020,1,0,0,0,0,0,0,0
09/03/2020,1,0,0,0,0,0,0,0
10/03/2020,1,0,0,0,0,0,0,0
11/03/2020,1,0,0,0,0,0,0,0
12/03/2020,1,0,0,0,0,0,0,0
13/03/2020,2,0,0,0,0,0,0,0
14/03/2020,2,0,0,0,0,0,0,0
15/03/2020,2,0,0,0,0,0,0,0
16/03/2020,2,1,0,0,0,0,0,0
17/03/2020,2,1,0,0,0,0,0,0
18/03/2020,2,1,0,0,0,0,0,0
19/03/2020,3,1,0,0,0,0,0,0
20/03/2020,3,1,0,0,0,0,0,0
21/03/2020,3,1,0,0,0,0,0,0
22/03/2020,3,1,0,0,0,0,0,0
23/03/2020,4,1,0,0,0,0,0,0
24/03/2020,4,1,0,0,0,0,0,0
25/03/2020,4,1,0,0,0,0,0,0
26/03/2020,5,1,0,0,0,0,0,0
27/03/2020,5,1,0,0,0,0,0,0
28/03/2020,6,2,0,0,0,0,0,0
29/03/2020,7,2,0,0,0,0,0,0
30/03/2020,7,2,0,0,0,0,0,0
31/03/2020,8,2,0,0,0,0,0,0
01/04/2020,9,2,0,1,0,0,0,0
02/04/2020,10,2,0,1,0,0,0,0
03/04/2020,11,3,0,1,0,0,0,0
04/04/2020,12,3,0,1,0,0,0,0
05/04/2020,13,3,0,1,0,0,0,0
06/04/2020,14,4,0,1,0,0,0,0
07/04/2020,15,4,0,1,0,0,0,0
08/04/2020,17,4,0,1,0,0,0,0
09/04/2020,18,5,0,1,0,0,0,0
10/04/2020,20,5,0,1,0,0,0,0
11/04/2020,22,6,0,1,0,0,0,0
12/04/2020,23,6,1,1,0,0,0,0
13/04/2020,25,7,1,2,0,0,0,0
14/04/2020,27,7,1,2,0,0,0,0
15/04/2020,28,7,1,2,0,0,0,0
16/04/2020,30,8,1,2,0,0,0,0
17/04/2020,32,9,1,2,0,0,0,0
18/04/2020,34,9,1,2,0,0,0,0
19/04/2020,37,10,1,3,0,0,0,0
20/04/2020,39,10,1,3,0,0,0,0
21/04/2020,41,11,1,3,0,0,0,0
22/04/2020,43,11,1,3,0,0,0,0
23/04/2020,45,12,1,3,0,0,0,0
24/04/2020,47,13,1,4,0,0,0,0
25/04/2020,49,13,1,4,0,0,0,0
26/04/2020,51,14,1,4,0,0,0,0
27/04/2020,53,14,1,4,0,0,0,0
28/04/2020,55,15,1,5,0,0,0,0
29/04/2020,57,15,1,5,0,0,0,0
30/04/2020,59,16,1,5,0,0,0,0
01/05/2020,60,16,1,5,0,0,0,0
02/05/2020,62,17,1,6,0,0,0,0
03/05/2020,63,17,1,6,0,0,0,0
04/05/2020,65,18,2,6,0,0,0,0
05/05/2020,67,18,2,7,0,0,0,0
06/05/2020,68,19,2,7,0,0,0,0
07/05/2020,69,19,2,7,0,0,0,0
08/05/2020,71,19,2,7,0,0,0,0
09/05/2020,72,20,2,8,0,0,0,0
10/05/2020,74,20,2,8,0,0,0,0
11/05/2020,75,21,2,8,0,0,0,0
12/05/2020,77,21,2,8,0,0,0,0
13/05/2020,78,21,2,9,0,0,0,0
14/05/2020,80,22,2,9,0,0,0,0
15/05/2020,81,22,2,9,0,0,0,0
16/05/2020,83,23,2,9,0,0,0,0
17/05/2020,85,23,2,10,0,0,0,0
18/05/2020,87,24,2,10,0,0,0,0
19/05/2020,89,24,2,10,0,0,0,0
20/05/2020,92,25,2,10,0,0,0,0
21/05/2020,94,26,2,11,0,0,0,0
22/05/2020,97,26,2,11,0,0,0,0
23/05/2020,100,27,2,11,0,0,0,0
24/05/2020,104,28,2,11,0,0,0,0
25/05/2020,107,29,2,12,0,0,0,0
26/05/2020,111,30,2,12,0,0,0,0
27/05/2020,115,31,3,12,0,0,0,0
28/05/2020,119,32,3,13,0,0,0,0
29/05/2020,123,33,3,13,0,0,0,0
30/05/2020,128,35,3,13,0,0,0,0
31/05/2020,133,36,3,14,0,0,0,0
01/06/2020,138,37,3,14,0,0,0,0
02/06/2020,143,39,3,14,0,0,0,0
03/06/2020,148,40,3,15,0,0,0,0
04/06/2020,152,41,3,15,0,0,0,0
05/06/2020,156,43,3,16,0,0,0,0
06/06/2020,161,44,4,16,0,0,0,0
07/06/2020,165,45,4,17,0,0,0,0
08/06/2020,170,46,4,17,0,0,0,0
09/06/2020,175,48,4,18,0,0,0,0
10/06/2020,180,49,4,18,0,0,0,0
11/06/2020,185,50,4,19,0,0,0,0
12/06/2020,190,52,4,19,0,0,0,0
13/06/2020,196,53,4,20,0,0,0,0
14/06/2020,201,55,5,20,0,0,0,0
15/06/2020,206,56,5,21,0,0,0,0
16/06/2020,211,58,5,21,0,0,0,0
17/06/2020,216,59,5,22,0,0,0,0
18/06/2020,221,60,5,22,0,0,0,0
19/06/2020,225,62,5,23,0,0,0,0
20/06/2020,229,63,5,23,0,0,0,0
21/06/2020,233,64,5,24,0,0,0,0
22/06/2020,236,65,5,24,0,0,0,0
23/06/2020,239,66,6,25,0,0,0,0
24/06/2020,242,67,6,25,0,0,0,0
25/06/2020,244,68,6,26,0,0,0,0
26/06/2020,246,68,6,26,0,0,0,0
27/06/2020,247,69,6,27,0,0,0,0
28/06/2020,249,69,6,27,0,0,0,0
29/06/2020,250,70,6,28,0,0,0,0
30/06/2020,250,70,6,28,0,0,0,0
01/07/2020,251,70,6,28,0,0,0,0
02/07/2020,251,70,6,29,0,0,0,0
03/07/2020,251,70,6,29,0,0,0,0
04/07/2020,251,70,6,29,0,0,0,0
05/07/2020,251,70,6,29,0,0,0,0
06/07/2020,251,70,6,30,0,0,0,0
07/07/2020,250,70,6,30,0,0,0,0
08/07/2020,250,70,6,30,0,0,0,0
09/07/2020,249,70,6,30,0,0,0,0
10/07/2020,249,70,6,30,0,0,0,0
11/07/2020,249,70,6,31,0,0,0,0
12/07/2020,248,70,6,31,0,0,0,0
13/07/2020,248,70,6,31,31,26,7,65
14/07/2020,248,70,6,31,0,0,0,0
15/07/2020,249,70,6,31,0,0,0,0
16/07/2020,249,70,6,31,0,0,0,0
17/07/2020,250,70,6,31,0,0,0,0
18/07/2020,251,70,6,31,0,0,0,0
19/07/2020,252,70,6,31,0,0,0,0
20/07/2020,254,71,6,31,1,1,0,2
21/07/2020,257,71,6,31,0,0,0,0
22/07/2020,260,72,6,31,0,0,0,0
23/07/2020,263,73,6,31,0,0,0,0
24/07/2020,267,74,7,31,0,0,0,0
25/07/2020,272,75,7,31,0,0,0,0
26/07/2020,277,76,7,31,0,0,0,0
27/07/2020,283,78,7,31,0,0,0,0
28/07/2020,289,79,7,31,0,0,0,0
29/07/2020,296,81,7,31,0,0,0,0
30/07/2020,303,83,7,31,8,8,8,27
31/07/2020,311,85,7,32,0,0,0,0
01/08/2020,320,87,8,32,0,0,0,0
02/08/2020,329,90,8,32,0,0,0,0
03/08/2020,339,92,8,32,0,0,0,0
04/08/2020,349,95,8,32,0,0,0,0
05/08/2020,359,98,9,32,0,0,0,0
06/08/2020,370,101,9,33,0,0,0,0
07/08/2020,381,104,9,33,0,0,0,0
08/08/2020,393,107,9,33,0,0,0,0
09/08/2020,404,110,10,33,0,0,0,0
10/08/2020,416,113,10,34,0,0,0,0
11/08/2020,428,117,10,34,12,11,19,47
12/08/2020,440,120,11,34,0,0,0,0
13/08/2020,452,123,11,35,0,0,0,0
14/08/2020,463,126,11,35,0,0,0,0
15/08/2020,474,130,12,36,0,0,0,0
16/08/2020,484,133,12,36,0,0,0,0
17/08/2020,493,136,12,36,0,0,0,0
18/08/2020,502,138,12,37,0,0,0,0
19/08/2020,509,140,13,37,7,7,0,14
20/08/2020,514,142,13,37,0,0,0,0
21/08/2020,518,144,13,38,0,0,0,0
22/08/2020,520,145,13,38,0,0,0,0
23/08/2020,520,146,13,38,0,0,0,0
24/08/2020,518,146,14,38,0,0,0,0
25/08/2020,514,145,14,38,35,34,1,70
26/08/2020,508,144,14,39,0,0,0,0
27/08/2020,499,142,14,39,0,0,0,0
28/08/2020,488,140,13,39,0,0,0,0
29/08/2020,476,137,13,38,0,0,0,0
30/08/2020,461,133,13,38,0,0,0,0
31/08/2020,445,129,13,38,0,0,0,0
01/09/2020,428,125,12,38,0,0,0,0
02/09/2020,409,120,12,38,0,0,0,0
03/09/2020,389,114,12,37,0,0,0,0
04/09/2020,368,109,11,37,0,0,0,0
05/09/2020,346,103,11,36,0,0,0,0
06/09/2020,325,97,10,36,0,0,0,0
07/09/2020,303,91,10,35,0,0,0,0
08/09/2020,282,85,9,34,0,0,0,0
09/09/2020,261,79,9,34,0,0,0,0
10/09/2020,240,73,8,33,0,0,0,0
11/09/2020,221,67,7,32,0,0,0,0
12/09/2020,202,62,7,31,0,0,0,0
13/09/2020,184,57,6,31,0,0,0,0
14/09/2020,167,52,6,30,0,0,0,0
15/09/2020,151,47,5,29,0,0,0,0
16/09/2020,137,42,5,28,0,0,0,0
17/09/2020,123,38,5,27,0,0,0,0
18/09/2020,111,35,4,26,0,0,0,0
19/09/2020,99,31,4,25,0,0,0,0
20/09/2020,89,28,3,25,0,0,0,0
21/09/2020,79,25,3,24,0,0,0,0
22/09/2020,71,22,3,23,0,0,0,0
23/09/2020,63,20,2,22,0,0,0,0
24/09/2020,56,18,2,21,0,0,1,1
25/09/2020,50,16,2,20,0,0,0,0
26/09/2020,44,14,2,20,0,0,0,0
27/09/2020,39,12,2,19,0,0,0,0
28/09/2020,35,11,1,18,0,0,0,0
29/09/2020,31,10,1,17,0,0,0,0
30/09/2020,28,9,1,17,0,0,0,0
01/10/2020,24,8,1,16,0,0,0,0
02/10/2020,22,7,1,15,0,0,0,0
03/10/2020,19,6,1,14,0,0,0,0
04/10/2020,17,5,1,14,0,0,0,0
05/10/2020,15,5,1,13,0,0,0,0
06/10/2020,13,4,1,13,0,0,0,0
07/10/2020,12,4,0,12,0,0,0,0
08/10/2020,10,3,0,12,0,0,0,0
09/10/2020,9,3,0,11,0,0,0,0
10/10/2020,8,3,0,10,0,0,0,0
11/10/2020,7,2,0,10,0,0,0,0
12/10/2020,6,2,0,10,0,0,0,0
13/10/2020,6,2,0,9,0,0,0,0
14/10/2020,5,2,0,9,0,0,0,0
15/10/2020,4,1,0,8,0,0,0,0
16/10/2020,4,1,0,8,0,0,0,0
17/10/2020,3,1,0,7,0,0,0,0
18/10/2020,3,1,0,7,0,0,0,0
19/10/2020,3,1,0,7,0,0,0,0
20/10/2020,2,1,0,6,0,0,0,0
21/10/2020,2,1,0,6,0,0,0,0
22/10/2020,2,1,0,6,0,0,0,0
23/10/2020,2,1,0,6,0,0,0,0
24/10/2020,1,0,0,5,0,0,0,0
25/10/2020,1,0,0,5,0,0,0,0
26/10/2020,1,0,0,5,0,0,0,0
27/10/2020,1,0,0,5,0,0,0,0
28/10/2020,1,0,0,4,0,0,0,0
29/10/2020,1,0,0,4,0,0,0,0
30/10/2020,1,0,0,4,0,0,0,0
31/10/2020,1,0,0,4,0,0,0,0
01/11/2020,1,0,0,4,0,0,0,0
02/11/2020,0,0,0,3,0,0,0,0
03/11/2020,0,0,0,3,0,0,0,0
04/11/2020,0,0,0,3,0,0,0,0
05/11/2020,0,0,0,3,0,0,0,0
06/11/2020,0,0,0,3,0,0,0,0
07/11/2020,0,0,0,3,0,0,0,0
08/11/2020,0,0,0,2,0,0,0,0
09/11/2020,0,0,0,2,0,0,0,0
10/11/2020,0,0,0,2,0,0,0,0
11/11/2020,0,0,0,2,0,0,0,0
12/11/2020,0,0,0,2,0,0,0,0
13/11/2020,0,0,0,2,0,0,0,0
14/11/2020,0,0,0,2,0,0,0,0
15/11/2020,0,0,0,2,0,0,0,0
16/11/2020,0,0,0,2,0,0,0,0
17/11/2020,0,0,0,2,0,0,0,0
18/11/2020,0,0,0,1,0,0,0,0
19/11/2020,0,0,0,1,0,0,0,0
20/11/2020,0,0,0,1,0,0,0,0
21/11/2020,0,0,0,1,0,0,0,0
22/11/2020,0,0,0,1,0,0,0,0
23/11/2020,0,0,0,1,0,0,0,0
24/11/2020,0,0,0,1,0,0,0,0
25/11/2020,0,0,0,1,0,0,0,0
26/11/2020,0,0,0,1,0,0,0,0
27/11/2020,0,0,0,1,0,0,0,0
28/11/2020,0,0,0,1,0,0,0,0
29/11/2020,0,0,0,1,0,0,0,0
30/11/2020,0,0,0,1,0,0,0,0
01/12/2020,0,0,0,1,0,0,0,0
02/12/2020,0,0,0,1,0,0,0,0
03/12/2020,0,0,0,1,0,0,0,0
04/12/2020,0,0,0,1,0,0,0,0
05/12/2020,0,0,0,1,0,0,0,0
06/12/2020,0,0,0,1,0,0,0,0
07/12/2020,0,0,0,1,0,0,0,0
08/12/2020,0,0,0,1,0,0,0,0
09/12/2020,0,0,0,1,0,0,0,0
10/12/2020,0,0,0,0,0,0,0,0
11/12/2020,0,0,0,0,0,0,0,0
12/12/2020,0,0,0,0,0,0,0,0
13/12/2020,0,0,0,0,0,0,0,0
14/12/2020,0,0,0,0,0,0,0,0
15/12/2020,0,0,0,0,0,0,0,0
16/12/2020,0,0,0,0,0,0,0,0
17/12/2020,0,0,0,0,0,0,0,0
18/12/2020,0,0,0,0,0,0,0,0
19/12/2020,0,0,0,0,0,0,0,0
20/12/2020,0,0,0,0,0,0,0,0
21/12/2020,0,0,0,0,0,0,0,0
22/12/2020,0,0,0,0,0,0,0,0
23/12/2020,0,0,0,0,0,0,0,0
24/12/2020,0,0,0,0,0,0,0,0
25/12/2020,0,0,0,0,0,0,0,0
26/12/2020,0,0,0,0,0,0,0,0
27/12/2020,0,0,0,0,0,0,0,0
28/12/2020,0,0,0,0,0,0,0,0
29/12/2020,0,0,0,0,0,0,0,0
30/12/2020,0,0,0,0,0,0,0,0
31/12/2020,0,0,0,0,0,0,0,0
01/01/2021,0,0,0,0,0,0,0,0
02/01/2021,0,0,0,0,0,0,0,0
03/01/2021,0,0,0,0,0,0,0,0
04/01/2021,0,0,0,0,0,0,0,0
05/01/2021,0,0,0,0,0,0,0,0
06/01/2021,0,0,0,0,0,0,0,0
07/01/2021,0,0,0,0,0,0,0,0
08/01/2021,0,0,0,0,0,0,0,0
09/01/2021,0,0,0,0,0,0,0,0
10/01/2021,0,0,0,0,0,0,0,0
11/01/2021,0,0,0,0,0,0,0,0
12/01/2021,0,0,0,0,0,0,0,0
13/01/2021,0,0,0,0,0,0,0,0
14/01/2021,0,0,0,0,0,0,0,0
15/01/2021,0,0,0,0,0,0,0,0
16/01/2021,0,0,0,0,0,0,0,0
17/01/2021,0,0,0,0,0,0,0,0
18/01/2021,0,0,0,0,0,0,0,0
19/01/2021,0,0,0,0,0,0,0,0
20/01/2021,0,0,0,0,0,0,0,0
21/01/2021,0,0,0,0,0,0,0,0
22/01/2021,0,0,0,0,0,0,0,0
23/01/2021,0,0,0,0,0,0,0,0
24/01/2021,0,0,0,0,0,0,0,0
25/01/2021,0,0,0,0,0,0,0,0
26/01/2021,0,0,0,0,0,0,0,0
27/01/2021,0,0,0,0,0,0,0,0
28/01/2021,0,0,0,0,0,0,0,0
29/01/2021,0,0,0,0,0,0,0,0
30/01/2021,0,0,0,0,0,0,0,0
31/01/2021,0,0,0,0,0,0,0,0
01/02/2021,0,0,0,0,0,0,0,0
02/02/2021,0,0,0,0,0,0,0,0
03/02/2021,0,0,0,0,0,0,0,0
04/02/2021,0,0,0,0,0,0,0,0
05/02/2021,0,0,0,0,0,0,0,0
06/02/2021,0,0,0,0,0,0,0,0
07/02/2021,0,0,0,0,0,0,0,0
08/02/2021,0,0,0,0,0,0,0,0
09/02/2021,0,0,0,0,0,0,0,0
10/02/2021,0,0,0,0,0,0,0,0
11/02/2021,0,0,0,0,0,0,0,0
12/02/2021,0,0,0,0,0,0,0,0
13/02/2021,0,0,0,0,0,0,0,0
14/02/2021,0,0,0,0,0,0,0,0
15/02/2021,0,0,0,0,0,0,0,0
16/02/2021,0,0,0,0,0,0,0,0
17/02/2021,0,0,0,0,0,0,0,0
18/02/2021,0,0,0,0,0,0,0,0
19/02/2021,0,0,0,0,0,0,0,0
20/02/2021,0,0,0,0,0,0,0,0
21/02/2021,0,0,0,0,0,0,0,0
22/02/2021,0,0,0,0,0,0,0,0
23/02/2021,0,0,0,0,0,0,0,0
24/02/2021,0,0,0,0,0,0,0,0
25/02/2021,0,0,0,0,0,0,0,0
26/02/2021,0,0,0,0,0,0,0,0
27/02/2021,0,0,0,0,0,0,0,0
28/02/2021,0,0,0,0,0,0,0,0
01/03/2021,0,0,0,0,0,0,0,0
02/03/2021,0,0,0,0,0,0,0,0
03/03/2021,0,0,0,0,0,0,0,0
04/03/2021,0,0,0,0,0,0,0,0
05/03/2021,0,0,0,0,0,0,0,0
06/03/2021,0,0,0,0,0,0,0,0
07/03/2021,0,0,0,0,0,0,0,0
08/03/2021,0,0,0,0,0,0,0,0
09/03/2021,0,0,0,0,0,0,0,0
10/03/2021,0,0,0,0,0,0,0,0
11/03/2021,0,0,0,0,0,0,0,0
12/03/2021,1,0,0,0,0,0,0,0
13/03/2021,1,0,0,0,0,0,0,0
14/03/2021,1,0,0,0,0,0,0,0
15/03/2021,1,0,0,0,0,0,0,0
16/03/2021,1,0,0,0,0,0,0,0
17/03/2021,1,0,0,0,0,0,0,0
18/03/2021,1,0,0,0,0,0,0,0
19/03/2021,1,0,0,0,0,0,0,0
20/03/2021,1,0,0,0,0,0,0,0
21/03/2021,1,0,0,0,0,0,0,0
22/03/2021,1,0,0,0,0,0,0,0
23/03/2021,2,0,0,0,0,0,0,0
24/03/2021,2,0,0,0,0,0,0,0
25/03/2021,2,0,0,0,0,0,0,0
26/03/2021,2,1,0,0,0,0,0,0
27/03/2021,2,1,0,0,0,0,0,0
28/03/2021,2,1,0,0,0,0,0,0
29/03/2021,3,1,0,0,0,0,0,0
30/03/2021,3,1,0,0,0,0,0,0
31/03/2021,3,1,0,0,0,0,0,0
01/04/2021,3,1,0,0,0,0,0,0
02/04/2021,4,1,0,0,0,0,0,0
03/04/2021,4,1,0,0,0,0,0,0
04/04/2021,4,1,0,0,0,0,0,0
05/04/2021,4,1,0,0,0,0,0,0
06/04/2021,5,1,0,0,0,0,0,0
07/04/2021,5,1,0,0,0,0,0,0
08/04/2021,5,1,0,0,0,0,0,0
09/04/2021,6,2,0,0,0,0,0,0
10/04/2021,6,2,0,0,0,0,0,0
11/04/2021,6,2,0,0,0,0,0,0
12/04/2021,7,2,0,0,0,0,0,0
13/04/2021,7,2,0,0,0,0,0,0
14/04/2021,8,2,0,0,0,0,0,0
15/04/2021,8,2,0,0,0,0,0,0
16/04/2021,8,2,0,1,12,12,2,26
17/04/2021,9,2,0,1,0,0,0,0
18/04/2021,9,2,0,1,0,0,0,0
19/04/2021,10,3,0,1,0,0,0,0
20/04/2021,10,3,0,1,0,0,0,0
21/04/2021,11,3,0,1,0,0,0,0
22/04/2021,11,3,0,1,0,0,0,0
23/04/2021,12,3,0,1,0,0,0,0
24/04/2021,12,3,0,1,0,0,0,0
25/04/2021,13,3,0,1,0,0,0,0
26/04/2021,14,4,0,1,0,0,0,0
27/04/2021,14,4,0,1,0,0,0,0
28/04/2021,15,4,0,1,0,0,0,0
29/04/2021,16,4,0,1,0,0,0,0
30/04/2021,16,4,0,1,0,0,0,0
01/05/2021,17,5,0,1,0,0,0,0
02/05/2021,18,5,0,1,0,0,0,0
03/05/2021,19,5,0,1,0,0,0,0
04/05/2021,20,5,0,1,0,0,0,0
05/05/2021,21,6,0,1,0,0,0,0
06/05/2021,22,6,1,1,0,0,0,0
07/05/2021,23,6,1,2,0,0,0,0
08/05/2021,24,6,1,2,0,0,0,0
09/05/2021,25,7,1,2,0,0,0,0
10/05/2021,26,7,1,2,0,0,0,0
11/05/2021,27,7,1,2,0,0,0,0
12/05/2021,28,8,1,2,0,0,0,0
13/05/2021,30,8,1,2,0,0,0,0
14/05/2021,31,8,1,2,0,0,0,0
15/05/2021,33,9,1,2,0,0,0,0
16/05/2021,34,9,1,2,0,0,0,0
17/05/2021,36,10,1,2,0,0,0,0
18/05/2021,38,10,1,3,0,0,0,0
19/05/2021,40,11,1,3,0,0,0,0
20/05/2021,42,11,1,3,0,0,0,0
21/05/2021,44,12,1,3,0,0,0,0
22/05/2021,46,12,1,3,0,0,0,0
23/05/2021,48,13,1,3,0,0,0,0
24/05/2021,51,14,1,3,0,0,0,0
25/05/2021,53,14,1,4,0,0,0,0
26/05/2021,56,15,1,4,0,0,0,0
27/05/2021,59,16,1,4,0,0,0,0
28/05/2021,62,17,1,4,0,0,0,0
29/05/2021,65,17,1,4,0,0,0,0
30/05/2021,68,18,2,5,0,0,0,0
31/05/2021,71,19,2,5,0,0,0,0
01/06/2021,75,20,2,5,0,0,0,0
02/06/2021,78,21,2,5,0,0,0,0
03/06/2021,81,22,2,6,0,0,0,0
04/06/2021,85,23,2,6,0,0,0,0
05/06/2021,88,24,2,6,0,0,0,0
06/06/2021,91,25,2,6,0,0,0,0
07/06/2021,94,25,2,7,0,0,0,0
08/06/2021,98,26,2,7,0,0,0,0
09/06/2021,101,27,2,7,0,0,0,0
10/06/2021,105,28,2,8,0,0,0,0
11/06/2021,109,29,2,8,0,0,0,0
12/06/2021,112,30,3,8,0,0,0,0
13/06/2021,116,31,3,8,0,0,0,0
14/06/2021,120,33,3,9,0,0,0,0
15/06/2021,124,34,3,9,0,0,0,0
16/06/2021,127,35,3,10,0,0,0,0
17/06/2021,131,36,3,10,0,0,0,0
18/06/2021,135,37,3,10,0,0,0,0
19/06/2021,139,38,3,11,0,0,0,0
20/06/2021,142,39,3,11,0,0,0,0
21/06/2021,146,40,3,11,0,0,0,0
22/06/2021,149,41,3,12,0,0,0,0
23/06/2021,153,42,4,12,0,0,0,0
24/06/2021,156,43,4,13,0,0,0,0
25/06/2021,159,44,4,13,0,0,0,0
26/06/2021,163,45,4,13,0,0,0,0
27/06/2021,166,46,4,14,0,0,0,0
28/06/2021,169,46,4,14,0,0,0,0
29/06/2021,172,47,4,14,0,0,0,0
30/06/2021,176,48,4,15,0,0,0,0
01/07/2021,179,49,4,15,0,0,0,0
02/07/2021,183,50,4,16,0,0,0,0
03/07/2021,186,51,4,16,0,0,0,0
04/07/2021,190,52,5,16,0,0,0,0
05/07/2021,194,53,5,17,0,0,0,0
06/07/2021,198,54,5,17,0,0,0,0
07/07/2021,202,55,5,17,0,0,0,0
08/07/2021,206,56,5,18,0,0,0,0
09/07/2021,210,58,5,18,0,0,0,0
10/07/2021,214,59,5,19,0,0,0,0
11/07/2021,219,60,5,19,0,0,0,0
12/07/2021,223,61,5,19,0,0,0,0
13/07/2021,228,63,6,20,0,0,0,0
14/07/2021,233,64,6,20,0,0,0,0
15/07/2021,237,65,6,20,0,0,0,0
16/07/2021,242,66,6,21,0,0,0,0
17/07/2021,247,68,6,21,0,0,0,0
18/07/2021,252,69,6,22,0,0,0,0
19/07/2021,257,71,6,22,0,0,0,0
20/07/2021,262,72,6,22,0,0,0,0
21/07/2021,267,73,7,23,0,0,0,0
22/07/2021,272,75,7,23,0,0,0,0
23/07/2021,276,76,7,23,0,0,0,0
24/07/2021,281,77,7,24,0,0,0,0
25/07/2021,286,79,7,24,0,0,0,0
26/07/2021,291,80,7,25,0,0,0,0
27/07/2021,295,81,7,25,0,0,0,0
28/07/2021,299,83,7,25,0,0,0,0
29/07/2021,303,84,8,26,0,0,0,0
30/07/2021,307,85,8,26,0,0,0,0
31/07/2021,311,86,8,26,0,0,0,0
01/08/2021,314,87,8,27,0,0,0,0
02/08/2021,317,88,8,27,0,0,0,0
03/08/2021,320,89,8,27,0,0,0,0
04/08/2021,322,90,8,27,0,0,0,0
05/08/2021,324,90,8,28,0,0,0,0
06/08/2021,326,91,8,28,0,0,0,0
07/08/2021,327,91,8,28,0,0,0,0
08/08/2021,328,92,8,28,0,0,0,0
09/08/2021,328,92,9,29,3,3,1,8
10/08/2021,328,92,9,29,0,0,0,0
11/08/2021,327,92,9,29,0,0,0,0
12/08/2021,326,92,9,29,0,0,0,0
13/08/2021,324,91,9,29,0,0,0,0
14/08/2021,322,91,9,29,0,0,0,0
15/08/2021,320,90,9,29,0,0,0,0
16/08/2021,317,90,9,29,0,0,0,0
17/08/2021,313,89,8,29,0,0,0,0
18/08/2021,309,88,8,29,0,0,0,0
19/08/2021,305,87,8,29,0,0,0,0
20/08/2021,300,85,8,29,0,0,0,0
21/08/2021,294,84,8,29,0,0,0,0
22/08/2021,289,82,8,29,0,0,0,0
23/08/2021,282,81,8,29,0,0,0,0
24/08/2021,276,79,8,29,0,0,0,0
25/08/2021,269,77,8,28,0,0,0,0
26/08/2021,262,75,7,28,0,0,0,0
27/08/2021,254,73,7,28,0,0,0,0
28/08/2021,247,71,7,28,0,0,0,0
29/08/2021,238,69,7,27,0,0,0,0
30/08/2021,230,67,7,27,0,0,0,0
31/08/2021,222,64,7,27,0,0,0,0
01/09/2021,213,62,6,26,0,0,0,0
02/09/2021,204,60,6,26,0,0,0,0
03/09/2021,195,57,6,25,0,0,0,0
04/09/2021,186,55,6,25,0,0,0,0
05/09/2021,177,52,5,25,0,0,0,0
06/09/2021,168,50,5,24,0,0,0,0
07/09/2021,159,47,5,24,0,0,0,0
08/09/2021,150,44,5,23,0,0,0,0
09/09/2021,141,42,4,23,0,0,0,0
10/09/2021,133,40,4,22,0,0,0,0
11/09/2021,124,37,4,22,0,0,0,0
12/09/2021,116,35,4,21,0,0,0,0
13/09/2021,108,32,4,20,0,0,0,0
14/09/2021,100,30,3,20,0,0,0,0
15/09/2021,93,28,3,19,0,0,0,0
16/09/2021,86,26,3,19,0,0,0,0
17/09/2021,79,24,3,18,0,0,0,0
18/09/2021,73,22,2,18,0,0,0,0
19/09/2021,67,20,2,17,0,0,0,0
20/09/2021,61,19,2,17,0,0,0,0
21/09/2021,55,17,2,16,0,0,0,0
22/09/2021,50,16,2,16,0,0,0,0
23/09/2021,46,14,2,15,0,0,0,0
24/09/2021,41,13,2,14,0,0,0,0
25/09/2021,37,12,1,14,0,0,0,0
26/09/2021,33,10,1,13,0,0,0,0
27/09/2021,30,9,1,13,0,0,0,0
28/09/2021,27,8,1,12,0,0,0,0
29/09/2021,24,7,1,12,0,0,0,0
30/09/2021,21,7,1,11,0,0,0,0
01/10/2021,19,6,1,11,0,0,0,0
02/10/2021,17,5,1,11,0,0,0,0
03/10/2021,15,5,1,10,0,0,0,0
04/10/2021,13,4,1,10,0,0,0,0
05/10/2021,11,4,0,9,0,0,0,0
06/10/2021,10,3,0,9,0,0,0,0
07/10/2021,9,3,0,8,0,0,0,0
08/10/2021,8,2,0,8,0,0,0,0
09/10/2021,7,2,0,8,0,0,0,0
10/10/2021,6,2,0,7,0,0,0,0
11/10/2021,5,2,0,7,0,0,0,0
12/10/2021,5,1,0,7,0,0,0,0
13/10/2021,4,1,0,6,0,0,0,0
14/10/2021,4,1,0,6,0,0,0,0
15/10/2021,3,1,0,6,0,0,0,0
16/10/2021,3,1,0,6,0,0,0,0
17/10/2021,2,1,0,5,0,0,0,0
18/10/2021,2,1,0,5,0,0,0,0
19/10/2021,2,1,0,5,0,0,0,0
20/10/2021,2,1,0,5,0,0,0,0
21/10/2021,1,0,0,4,0,0,0,0
22/10/2021,1,0,0,4,0,0,0,0
23/10/2021,1,0,0,4,0,0,0,0
24/10/2021,1,0,0,4,0,0,0,0
25/10/2021,1,0,0,4,0,0,0,0
26/10/2021,1,0,0,3,0,0,0,0
27/10/2021,1,0,0,3,0,0,0,0
28/10/2021,1,0,0,3,0,0,0,0
29/10/2021,0,0,0,3,0,0,0,0
30/10/2021,0,0,0,3,0,0,0,0
31/10/2021,0,0,0,3,0,0,0,0
01/11/2021,0,0,0,3,0,0,0,0
02/11/2021,0,0,0,2,0,0,0,0
03/11/2021,0,0,0,2,0,0,0,0
04/11/2021,0,0,0,2,0,0,0,0
05/11/2021,0,0,0,2,0,0,0,0
06/11/2021,0,0,0,2,0,0,0,0
07/11/2021,0,0,0,2,0,0,0,0
08/11/2021,0,0,0,2,0,0,0,0
09/11/2021,0,0,0,2,0,0,0,0
10/11/2021,0,0,0,2,0,0,0,0
11/11/2021,0,0,0,2,0,0,0,0
12/11/2021,0,0,0,1,0,0,0,0
13/11/2021,0,0,0,1,0,0,0,0
14/11/2021,0,0,0,1,0,0,0,0
15/11/2021,0,0,0,1,0,0,0,0
16/11/2021,0,0,0,1,0,0,0,0
17/11/2021,0,0,0,1,0,0,0,0
18/11/2021,0,0,0,1,0,0,0,0
19/11/2021,0,0,0,1,0,0,0,0
20/11/2021,0,0,0,1,0,0,0,0
21/11/2021,0,0,0,1,0,0,0,0
22/11/2021,0,0,0,1,0,0,0,0
23/11/2021,0,0,0,1,0,0,0,0
24/11/2021,0,0,0,1,0,0,0,0
25/11/2021,0,0,0,1,0,0,0,0
26/11/2021,0,0,0,1,0,0,0,0
27/11/2021,0,0,0,1,0,0,0,0
28/11/2021,0,0,0,1,0,0,0,0
29/11/2021,0,0,0,1,0,0,0,0
30/11/2021,0,0,0,1,0,0,0,0
01/12/2021,0,0,0,1,0,0,0,0
02/12/2021,0,0,0,1,0,0,0,0
03/12/2021,0,0,0,0,0,0,0,0
04/12/2021,0,0,0,0,0,0,0,0
05/12/2021,0,0,0,0,0,0,0,0
06/12/2021,0,0,0,0,0,0,0,0
07/12/2021,0,0,0,0,0,0,0,0
08/12/2021,0,0,0,0,0,0,0,0
09/12/2021,0,0,0,0,0,0,0,0
10/12/2021,0,0,0,0,0,0,0,0
11/12/2021,0,0,0,0,0,0,0,0
12/12/2021,0,0,0,0,0,0,0,0
13/12/2021,0,0,0,0,0,0,0,0
14/12/2021,0,0,0,0,0,0,0,0
15/12/2021,0,0,0,0,0,0,0,0
16/12/2021,0,0,0,0,0,0,0,0
17/12/2021,0,0,0,0,0,0,0,0
18/12/2021,0,0,0,0,0,0,0,0
19/12/2021,0,0,0,0,0,0,0,0
20/12/2021,0,0,0,0,0,0,0,0
21/12/2021,0,0,0,0,0,0,0,0
22/12/2021,0,0,0,0,0,0,0,0
23/12/2021,0,0,0,0,0,0,0,0
24/12/2021,0,0,0,0,0,0,0,0
25/12/2021,0,0,0,0,0,0,0,0
26/12/2021,0,0,0,0,0,0,0,0
27/12/2021,0,0,0,0,0,0,0,0
28/12/2021,0,0,0,0,0,0,0,0
29/12/2021,0,0,0,0,0,0,0,0
30/12/2021,0,0,0,0,0,0,0,0
31/12/2021,0,0,0,0,0,0,0,0
01/01/2022,0,0,0,0,0,0,0,0
02/01/2022,0,0,0,0,0,0,0,0
03/01/2022,0,0,0,0,0,0,0,0
04/01/2022,0,0,0,0,0,0,0,0
05/01/2022,0,0,0,0,0,0,0,0
06/01/2022,0,0,0,0,0,0,0,0
07/01/2022,0,0,0,0,0,0,0,0
08/01/2022,0,0,0,0,0,0,0,0
09/01/2022,0,0,0,0,0,0,0,0
10/01/2022,0,0,0,0,0,0,0,0
11/01/2022,0,0,0,0,0,0,0,0
12/01/2022,0,0,0,0,0,0,0,0
13/01/2022,0,0,0,0,0,0,0,0
14/01/2022,0,0,0,0,0,0,0,0
15/01/2022,0,0,0,0,0,0,0,0
16/01/2022,0,0,0,0,0,0,0,0
17/01/2022,0,0,0,0,0,0,0,0
18/01/2022,0,0,0,0,0,0,0,0
19/01/2022,0,0,0,0,0,0,0,0
20/01/2022,0,0,0,0,0,0,0,0
21/01/2022,0,0,0,0,0,0,0,0
22/01/2022,0,0,0,0,0,0,0,0
23/01/2022,0,0,0,0,0,0,0,0
24/01/2022,0,0,0,0,0,0,0,0
25/01/2022,0,0,0,0,0,0,0,0
26/01/2022,0,0,0,0,0,0,0,0
27/01/2022,0,0,0,0,0,0,0,0
28/01/2022,0,0,0,0,0,0,0,0
29/01/2022,0,0,0,0,0,0,0,0
30/01/2022,0,0,0,0,0,0,0,0
31/01/2022,0,0,0,0,0,0,0,0
01/02/2022,0,0,0,0,0,0,0,0
02/02/2022,0,0,0,0,0,0,0,0
03/02/2022,0,0,0,0,0,0,0,0
04/02/2022,0,0,0,0,0,0,0,0
05/02/2022,0,0,0,0,0,0,0,0
06/02/2022,0,0,0,0,0,0,0,0
07/02/2022,0,0,0,0,0,0,0,0
08/02/2022,0,0,0,0,0,0,0,0
09/02/2022,0,0,0,0,0,0,0,0
10/02/2022,0,0,0,0,0,0,0,0
11/02/2022,0,0,0,0,0,0,0,0
12/02/2022,0,0,0,0,0,0,0,0
13/02/2022,0,0,0,0,0,0,0,0
14/02/2022,0,0,0,0,0,0,0,0
15/02/2022,0,0,0,0,0,0,0,0
16/02/2022,0,0,0,0,0,0,0,0
17/02/2022,0,0,0,0,0,0,0,0
18/02/2022,0,0,0,0,0,0,0,0
19/02/2022,0,0,0,0,0,0,0,0
20/02/2022,0,0,0,0,0,0,0,0
21/02/2022,0,0,0,0,0,0,0,0
22/02/2022,0,0,0,0,0,0,0,0
23/02/2022,0,0,0,0,0,0,0,0
24/02/2022,0,0,0,0,0,0,0,0
25/02/2022,0,0,0,0,0,0,0,0
26/02/2022,0,0,0,0,0,0,0,0
27/02/2022,0,0,0,0,0,0,0,0
28/02/2022,0,0,0,0,0,0,0,0
01/03/2022,0,0,0,0,0,0,0,0
02/03/2022,0,0,0,0,0,0,0,0
03/03/2022,0,0,0,0,0,0,0,0
04/03/2022,0,0,0,0,0,0,0,0
05/03/2022,0,0,0,0,0,0,0,0
06/03/2022,0,0,0,0,0,0,0,0
07/03/2022,0,0,0,0,0,0,0,0
08/03/2022,0,0,0,0,0,0,0,0
09/03/2022,0,0,0,0,0,0,0,0
10/03/2022,0,0,0,0,0,0,0,0
11/03/2022,0,0,0,0,0,0,0,0
12/03/2022,0,0,0,0,0,0,0,0
13/03/2022,0,0,0,0,0,0,0,0
14/03/2022,1,0,0,0,0,0,0,0
15/03/2022,1,0,0,0,0,0,0,0
16/03/2022,1,0,0,0,0,0,0,0
17/03/2022,1,0,0,0,0,0,0,0
18/03/2022,1,0,0,0,0,0,0,0
19/03/2022,1,0,0,0,0,0,0,0
20/03/2022,1,0,0,0,0,0,0,0
21/03/2022,1,0,0,0,0,0,0,0
22/03/2022,1,0,0,0,0,0,0,0
23/03/2022,1,0,0,0,0,0,0,0
24/03/2022,1,0,0,0,0,0,0,0
25/03/2022,1,0,0,0,0,0,0,0
26/03/2022,1,0,0,0,0,0,0,0
27/03/2022,1,0,0,0,0,0,0,0
28/03/2022,2,0,0,0,0,0,0,0
29/03/2022,2,0,0,0,0,0,0,0
30/03/2022,2,0,0,0,0,0,0,0
31/03/2022,2,1,0,0,0,0,0,0
01/04/2022,2,1,0,0,0,0,0,0
02/04/2022,2,1,0,0,0,0,0,0
03/04/2022,3,1,0,0,0,0,0,0
04/04/2022,3,1,0,0,0,0,0,0
05/04/2022,3,1,0,0,0,0,0,0
06/04/2022,3,1,0,0,0,0,0,0
07/04/2022,3,1,0,0,0,0,0,0
08/04/2022,4,1,0,0,0,0,0,0
09/04/2022,4,1,0,0,0,0,0,0
10/04/2022,4,1,0,0,0,0,0,0
11/04/2022,5,1,0,0,0,0,0,0
12/04/2022,5,1,0,0,0,0,0,0
13/04/2022,5,1,0,0,0,0,0,0
14/04/2022,6,2,0,0,0,0,0,0
15/04/2022,6,2,0,0,0,0,0,0
16/04/2022,7,2,0,0,0,0,0,0
17/04/2022,7,2,0,0,0,0,0,0
18/04/2022,8,2,0,0,0,0,0,0
19/04/2022,8,2,0,0,0,0,0,0
20/04/2022,9,2,0,1,0,0,0,0
21/04/2022,9,2,0,1,0,0,0,0
22/04/2022,10,3,0,1,0,0,0,0
23/04/2022,11,3,0,1,0,0,0,0
24/04/2022,11,3,0,1,0,0,0,0
25/04/2022,12,3,0,1,0,0,0,0
26/04/2022,13,3,0,1,0,0,0,0
27/04/2022,14,4,0,1,0,0,0,0
28/04/2022,15,4,0,1,0,0,0,0
29/04/2022,16,4,0,1,0,0,0,0
30/04/2022,17,4,0,1,0,0,0,0
01/05/2022,18,5,0,1,0,0,0,0
02/05/2022,19,5,0,1,0,0,0,0
03/05/2022,20,5,0,1,0,0,0,0
04/05/2022,21,6,0,1,0,0,0,0
05/05/2022,22,6,1,1,0,0,0,0
06/05/2022,23,6,1,2,0,0,0,0
07/05/2022,25,7,1,2,0,0,0,0
08/05/2022,26,7,1,2,0,0,0,0
09/05/2022,27,7,1,2,0,0,0,0
10/05/2022,29,8,1,2,0,0,0,0
11/05/2022,30,8,1,2,0,0,0,0
12/05/2022,32,8,1,2,0,0,0,0
13/05/2022,33,9,1,2,0,0,0,0
14/05/2022,34,9,1,2,0,0,0,0
15/05/2022,36,10,1,3,0,0,0,0
16/05/2022,38,10,1,3,0,0,0,0
17/05/2022,39,11,1,3,0,0,0,0
18/05/2022,41,11,1,3,0,0,0,0
19/05/2022,43,11,1,3,0,0,0,0
20/05/2022,44,12,1,3,0,0,0,0
21/05/2022,46,12,1,3,0,0,0,0
22/05/2022,48,13,1,4,0,0,0,0
23/05/2022,50,13,1,4,0,0,0,0
24/05/2022,51,14,1,4,0,0,0,0
25/05/2022,53,14,1,4,0,0,0,0
26/05/2022,54,15,1,4,0,0,0,0
27/05/2022,56,15,1,5,0,0,0,0
28/05/2022,57,16,1,5,0,0,0,0
29/05/2022,58,16,1,5,0,0,0,0
30/05/2022,60,16,1,5,0,0,0,0
31/05/2022,61,17,1,5,0,0,0,0
01/06/2022,63,17,1,6,0,0,0,0
02/06/2022,64,18,2,6,0,0,0,0
03/06/2022,66,18,2,6,0,0,0,0
04/06/2022,67,18,2,6,0,0,0,0
05/06/2022,69,19,2,6,0,0,0,0
06/06/2022,71,19,2,7,0,0,0,0
07/06/2022,72,20,2,7,0,0,0,0
08/06/2022,74,20,2,7,0,0,0,0
09/06/2022,75,21,2,7,0,0,0,0
10/06/2022,77,21,2,7,0,0,0,0
11/06/2022,79,22,2,8,0,0,0,0
12/06/2022,80,22,2,8,0,0,0,0
13/06/2022,82,22,2,8,0,0,0,0
14/06/2022,83,23,2,8,0,0,0,0
15/06/2022,85,23,2,8,0,0,0,0
16/06/2022,86,24,2,9,0,0,0,0
17/06/2022,88,24,2,9,0,0,0,0
18/06/2022,89,25,2,9,0,0,0,0
19/06/2022,91,25,2,9,0,0,0,0
20/06/2022,92,25,2,9,0,0,0,0
21/06/2022,94,26,2,10,0,0,0,0
22/06/2022,95,26,2,10,0,0,0,0
23/06/2022,96,27,2,10,0,0,0,0
24/06/2022,98,27,2,10,0,0,0,0
25/06/2022,99,27,2,11,0,0,0,0
26/06/2022,100,28,2,11,0,0,0,0
27/06/2022,101,28,2,11,0,0,0,0
28/06/2022,103,28,2,11,0,0,0,0
29/06/2022,104,29,3,11,0,0,0,0
30/06/2022,105,29,3,12,0,0,0,0
01/07/2022,107,30,3,12,0,0,0,0
02/07/2022,108,30,3,12,0,0,0,0
03/07/2022,110,30,3,12,0,0,0,0
04/07/2022,111,31,3,12,0,0,0,0
05/07/2022,113,31,3,13,33,33,6,74
06/07/2022,114,32,3,13,0,0,0,0
07/07/2022,116,32,3,13,0,0,0,0
08/07/2022,118,32,3,13,0,0,0,0
09/07/2022,120,33,3,13,0,0,0,0
10/07/2022,122,33,3,14,0,0,0,0
11/07/2022,124,34,3,14,0,0,0,0
12/07/2022,126,35,3,14,0,0,0,0
13/07/2022,128,35,3,14,0,0,0,0
14/07/2022,131,36,3,14,0,0,0,0
15/07/2022,133,37,3,15,0,0,0,0
16/07/2022,136,37,3,15,0,0,0,0
17/07/2022,139,38,3,15,0,0,0,0
18/07/2022,142,39,3,15,0,0,0,0
19/07/2022,146,40,4,16,0,0,0,0
20/07/2022,150,41,4,16,0,0,0,0
21/07/2022,154,42,4,16,0,0,0,0
22/07/2022,158,43,4,16,3,3,4,10
23/07/2022,163,44,4,17,0,0,0,0
24/07/2022,169,46,4,17,0,0,0,0
25/07/2022,174,47,4,17,0,0,0,0
26/07/2022,180,49,4,18,0,0,0,0
27/07/2022,187,51,4,18,0,0,0,0
28/07/2022,194,52,5,18,0,0,0,0
29/07/2022,202,54,5,19,26,26,0,52
30/07/2022,210,57,5,19,0,0,0,0
31/07/2022,219,59,5,20,0,0,0,0
01/08/2022,229,61,5,20,0,0,0,0
02/08/2022,239,64,6,21,0,0,0,0
03/08/2022,249,67,6,21,0,0,0,0
04/08/2022,260,70,6,22,0,0,0,0
05/08/2022,272,73,6,22,0,0,0,0
06/08/2022,285,76,7,23,0,0,0,0
07/08/2022,297,80,7,23,0,0,0,0
08/08/2022,311,83,7,24,0,0,0,0
09/08/2022,325,87,8,25,0,0,0,0
10/08/2022,339,91,8,26,0,0,0,0
11/08/2022,353,95,8,26,0,0,0,0
12/08/2022,368,99,9,27,9,9,2,20
13/08/2022,383,103,9,28,0,0,0,0
14/08/2022,398,107,9,29,0,0,0,0
15/08/2022,412,111,10,30,0,0,0,0
16/08/2022,426,115,10,30,0,0,0,0
17/08/2022,439,119,11,31,0,0,0,0
18/08/2022,451,123,11,32,0,0,0,0
19/08/2022,462,126,11,33,0,0,0,0
20/08/2022,472,129,12,34,0,0,0,0
21/08/2022,480,132,12,35,0,0,0,0
22/08/2022,485,134,12,36,0,0,0,0
23/08/2022,489,136,12,36,0,0,0,0
24/08/2022,490,137,13,37,0,0,0,0
25/08/2022,488,137,13,38,0,0,0,0
26/08/2022,484,137,13,38,1,1,1,3
27/08/2022,477,135,13,39,1,1,3,5
28/08/2022,467,133,13,39,0,0,0,0
29/08/2022,455,131,13,39,0,0,0,0
30/08/2022,441,127,12,40,0,0,0,0
31/08/2022,424,123,12,40,0,0,0,0
01/09/2022,406,119,12,40,0,0,0,0
02/09/2022,386,114,11,40,0,0,0,0
03/09/2022,365,108,11,40,0,0,0,0
04/09/2022,343,102,11,39,0,0,0,0
05/09/2022,321,96,10,39,0,0,1,1
06/09/2022,298,90,9,39,0,0,0,0
07/09/2022,276,83,9,38,0,0,0,0
08/09/2022,254,77,8,38,0,0,0,0
09/09/2022,232,71,8,37,0,0,0,0
10/09/2022,212,65,7,36,0,0,0,0
11/09/2022,192,59,7,35,0,0,0,0
12/09/2022,174,54,6,35,0,0,0,0
13/09/2022,156,49,6,34,0,0,0,0
14/09/2022,140,44,5,33,0,0,0,0
15/09/2022,126,39,5,32,0,0,0,0
16/09/2022,112,35,4,31,0,0,0,0
17/09/2022,100,31,4,30,0,0,0,0
18/09/2022,89,28,3,29,0,0,0,0
19/09/2022,79,25,3,28,0,0,0,0
20/09/2022,70,22,3,27,0,0,0,0
21/09/2022,62,20,2,26,0,0,0,0
22/09/2022,55,17,2,25,0,0,0,0
23/09/2022,49,15,2,24,0,0,0,0
24/09/2022,44,14,2,23,0,0,0,0
25/09/2022,39,12,2,22,0,0,0,0
26/09/2022,35,11,1,21,0,0,0,0
27/09/2022,31,10,1,21,0,0,0,0
28/09/2022,28,9,1,20,0,0,0,0
29/09/2022,25,8,1,19,0,0,0,0
30/09/2022,22,7,1,18,0,0,0,0
01/10/2022,20,6,1,17,0,0,0,0
02/10/2022,18,6,1,17,0,0,0,0
03/10/2022,16,5,1,16,0,0,0,0
04/10/2022,15,5,1,15,0,0,0,0
05/10/2022,13,4,1,14,0,0,0,0
06/10/2022,12,4,0,14,0,0,0,0
07/10/2022,11,3,0,13,0,0,0,0
08/10/2022,10,3,0,13,0,0,0,0
09/10/2022,9,3,0,12,0,0,0,0
10/10/2022,8,2,0,11,0,0,0,0
11/10/2022,7,2,0,11,0,0,0,0
12/10/2022,7,2,0,10,0,0,0,0
13/10/2022,6,2,0,10,0,0,0,0
14/10/2022,5,2,0,9,0,0,0,0
15/10/2022,5,2,0,9,0,0,0,0
16/10/2022,4,1,0,9,0,0,0,0
17/10/2022,4,1,0,8,0,0,0,0
18/10/2022,4,1,0,8,0,0,0,0
19/10/2022,3,1,0,7,0,0,0,0
20/10/2022,3,1,0,7,0,0,0,0
21/10/2022,3,1,0,7,0,0,0,0
22/10/2022,2,1,0,6,0,0,0,0
23/10/2022,2,1,0,6,0,0,0,0
24/10/2022,2,1,0,6,0,0,0,0
25/10/2022,2,1,0,6,0,0,0,0
26/10/2022,1,0,0,5,0,0,0,0
27/10/2022,1,0,0,5,0,0,0,0
28/10/2022,1,0,0,5,0,0,0,0
29/10/2022,1,0,0,5,0,0,0,0
30/10/2022,1,0,0,4,0,0,0,0
31/10/2022,1,0,0,4,0,0,0,0
01/11/2022,1,0,0,4,0,0,0,0
02/11/2022,1,0,0,4,0,0,0,0
03/11/2022,1,0,0,4,0,0,0,0
04/11/2022,0,0,0,3,0,0,0,0
05/11/2022,0,0,0,3,0,0,0,0
06/11/2022,0,0,0,3,0,0,0,0
07/11/2022,0,0,0,3,0,0,0,0
08/11/2022,0,0,0,3,0,0,0,0
09/11/2022,0,0,0,3,0,0,0,0
10/11/2022,0,0,0,2,0,0,0,0
11/11/2022,0,0,0,2,0,0,0,0
12/11/2022,0,0,0,2,0,0,0,0
13/11/2022,0,0,0,2,0,0,0,0
14/11/2022,0,0,0,2,0,0,0,0
15/11/2022,0,0,0,2,0,0,0,0
16/11/2022,0,0,0,2,0,0,0,0
17/11/2022,0,0,0,2,0,0,0,0
18/11/2022,0,0,0,2,0,0,0,0
19/11/2022,0,0,0,2,0,0,0,0
20/11/2022,0,0,0,1,0,0,0,0
21/11/2022,0,0,0,1,0,0,0,0
22/11/2022,0,0,0,1,0,0,0,0
23/11/2022,0,0,0,1,0,0,0,0
24/11/2022,0,0,0,1,0,0,0,0
25/11/2022,0,0,0,1,0,0,0,0
26/11/2022,0,0,0,1,0,0,0,0
27/11/2022,0,0,0,1,0,0,0,0
28/11/2022,0,0,0,1,0,0,0,0
29/11/2022,0,0,0,1,0,0,0,0
30/11/2022,0,0,0,1,0,0,0,0
01/12/2022,0,0,0,1,0,0,0,0
02/12/2022,0,0,0,1,0,0,0,0
03/12/2022,0,0,0,1,0,0,0,0
04/12/2022,0,0,0,1,0,0,0,0
05/12/2022,0,0,0,1,0,0,0,0
06/12/2022,0,0,0,1,0,0,0,0
07/12/2022,0,0,0,1,0,0,0,0
08/12/2022,0,0,0,1,0,0,0,0
09/12/2022,0,0,0,1,0,0,0,0
10/12/2022,0,0,0,1,0,0,0,0
11/12/2022,0,0,0,1,0,0,0,0
12/12/2022,0,0,0,0,0,0,0,0
13/12/2022,0,0,0,0,0,0,0,0
14/12/2022,0,0,0,0,0,0,0,0
15/12/2022,0,0,0,0,0,0,0,0
16/12/2022,0,0,0,0,0,0,0,0
17/12/2022,0,0,0,0,0,0,0,0
18/12/2022,0,0,0,0,0,0,0,0
19/12/2022,0,0,0,0,0,0,0,0
20/12/2022,0,0,0,0,0,0,0,0
21/12/2022,0,0,0,0,0,0,0,0
22/12/2022,0,0,0,0,0,0,0,0
23/12/2022,0,0,0,0,0,0,0,0
24/12/2022,0,0,0,0,0,0,0,0
25/12/2022,0,0,0,0,0,0,0,0
26/12/2022,0,0,0,0,0,0,0,0
27/12/2022,0,0,0,0,0,0,0,0
28/12/2022,0,0,0,0,0,0,0,0
29/12/2022,0,0,0,0,0,0,0,0
30/12/2022,0,0,0,0,0,0,0,0
31/12/2022,0,0,0,0,0,0,0,0
01/01/2023,0,0,0,0,0,0,0,0
02/01/2023,0,0,0,0,0,0,0,0
03/01/2023,0,0,0,0,0,0,0,0
04/01/2023,0,0,0,0,0,0,0,0
05/01/2023,0,0,0,0,0,0,0,0
06/01/2023,0,0,0,0,0,0,0,0
07/01/2023,0,0,0,0,0,0,0,0
08/01/2023,0,0,0,0,0,0,0,0
09/01/2023,0,0,0,0,0,0,0,0
10/01/2023,0,0,0,0,0,0,0,0
11/01/2023,0,0,0,0,0,0,0,0
12/01/2023,0,0,0,0,0,0,0,0
13/01/2023,0,0,0,0,0,0,0,0
14/01/2023,0,0,0,0,0,0,0,0
15/01/2023,0,0,0,0,0,0,0,0
16/01/2023,0,0,0,0,0,0,0,0
17/01/2023,0,0,0,0,0,0,0,0
18/01/2023,0,0,0,0,0,0,0,0
19/01/2023,0,0,0,0,0,0,0,0
20/01/2023,0,0,0,0,0,0,0,0
21/01/2023,0,0,0,0,0,0,0,0
22/01/2023,0,0,0,0,0,0,0,0
23/01/2023,0,0,0,0,0,0,0,0
24/01/2023,0,0,0,0,0,0,0,0
25/01/2023,0,0,0,0,0,0,0,0
26/01/2023,0,0,0,0,0,0,0,0
27/01/2023,0,0,0,0,0,0,0,0
28/01/2023,0,0,0,0,0,0,0,0
29/01/2023,0,0,0,0,0,0,0,0
30/01/2023,0,0,0,0,0,0,0,0
31/01/2023,0,0,0,0,0,0,0,0
01/02/2023,0,0,0,0,0,0,0,0
02/02/2023,0,0,0,0,0,0,0,0
03/02/2023,0,0,0,0,0,0,0,0
04/02/2023,0,0,0,0,0,0,0,0
05/02/2023,0,0,0,0,0,0,0,0
06/02/2023,0,0,0,0,0,0,0,0
07/02/2023,0,0,0,0,0,0,0,0
08/02/2023,0,0,0,0,0,0,0,0
09/02/2023,0,0,0,0,0,0,0,0
10/02/2023,0,0,0,0,0,0,0,0
11/02/2023,0,0,0,0,0,0,0,0
12/02/2023,0,0,0,0,0,0,0,0
13/02/2023,0,0,0,0,0,0,0,0
14/02/2023,0,0,0,0,0,0,0,0
15/02/2023,0,0,0,0,0,0,0,0
16/02/2023,0,0,0,0,0,0,0,0
17/02/2023,0,0,0,0,0,0,0,0
18/02/2023,0,0,0,0,0,0,0,0
19/02/2023,0,0,0,0,0,0,0,0
20/02/2023,0,0,0,0,0,0,0,0
21/02/2023,0,0,0,0,0,0,0,0
22/02/2023,0,0,0,0,0,0,0,0
23/02/2023,0,0,0,0,0,0,0,0
24/02/2023,0,0,0,0,0,0,0,0
25/02/2023,0,0,0,0,0,0,0,0
26/02/2023,0,0,0,0,0,0,0,0
27/02/2023,0,0,0,0,0,0,0,0
28/02/2023,0,0,0,0,0,0,0,0
01/03/2023,0,0,0,0,0,0,0,0
02/03/2023,0,0,0,0,0,0,0,0
03/03/2023,0,0,0,0,0,0,0,0
04/03/2023,0,0,0,0,0,0,0,0
05/03/2023,0,0,0,0,0,0,0,0
06/03/2023,0,0,0,0,0,0,0,0
07/03/2023,0,0,0,0,0,0,0,0
08/03/2023,0,0,0,0,0,0,0,0
09/03/2023,0,0,0,0,0,0,0,0
10/03/2023,0,0,0,0,0,0,0,0
11/03/2023,0,0,0,0,0,0,0,0
12/03/2023,1,0,0,0,0,0,0,0
13/03/2023,1,0,0,0,0,0,0,0
14/03/2023,1,0,0,0,0,0,0,0
15/03/2023,1,0,0,0,0,0,0,0
16/03/2023,1,0,0,0,0,0,0,0
17/03/2023,1,0,0,0,0,0,0,0
18/03/2023,1,0,0,0,0,0,0,0
19/03/2023,1,0,0,0,0,0,0,0
20/03/2023,1,0,0,0,0,0,0,0
21/03/2023,1,0,0,0,0,0,0,0
22/03/2023,1,0,0,0,0,0,0,0
23/03/2023,1,0,0,0,0,0,0,0
24/03/2023,2,0,0,0,0,0,0,0
25/03/2023,2,0,0,0,0,0,0,0
26/03/2023,2,0,0,0,0,0,0,0
27/03/2023,2,1,0,0,0,0,0,0
28/03/2023,2,1,0,0,0,0,0,0
29/03/2023,2,1,0,0,0,0,0,0
30/03/2023,3,1,0,0,0,0,0,0
31/03/2023,3,1,0,0,0,0,0,0
01/04/2023,3,1,0,0,0,0,0,0
02/04/2023,3,1,0,0,0,0,0,0
03/04/2023,4,1,0,0,0,0,0,0
04/04/2023,4,1,0,0,0,0,0,0
05/04/2023,4,1,0,0,0,0,0,0
06/04/2023,4,1,0,0,0,0,0,0
07/04/2023,5,1,0,0,0,0,0,0
08/04/2023,5,1,0,0,0,0,0,0
09/04/2023,5,1,0,0,0,0,0,0
10/04/2023,6,1,0,0,0,0,0,0
11/04/2023,6,2,0,0,0,0,0,0
12/04/2023,6,2,0,0,0,0,0,0
13/04/2023,7,2,0,0,0,0,0,0
14/04/2023,7,2,0,0,0,0,0,0
15/04/2023,8,2,0,0,0,0,0,0
16/04/2023,8,2,0,1,0,0,0,0
17/04/2023,9,2,0,1,0,0,0,0
18/04/2023,9,2,0,1,0,0,0,0
19/04/2023,9,3,0,1,0,0,0,0
20/04/2023,10,3,0,1,0,0,0,0
21/04/2023,10,3,0,1,0,0,0,0
22/04/2023,11,3,0,1,0,0,0,0
23/04/2023,11,3,0,1,0,0,0,0
24/04/2023,12,3,0,1,0,0,0,0
25/04/2023,13,3,0,1,0,0,0,0
26/04/2023,13,4,0,1,0,0,0,0
27/04/2023,14,4,0,1,0,0,0,0
28/04/2023,15,4,0,1,0,0,0,0
29/04/2023,15,4,0,1,0,0,0,0
30/04/2023,16,4,0,1,0,0,0,0
01/05/2023,17,5,0,1,0,0,0,0
02/05/2023,18,5,0,1,0,0,0,0
03/05/2023,19,5,0,1,0,0,0,0
04/05/2023,20,5,0,1,0,0,0,0
05/05/2023,21,6,0,2,0,0,0,0
06/05/2023,22,6,1,2,0,0,0,0
07/05/2023,23,6,1,2,0,0,0,0
08/05/2023,24,6,1,2,0,0,0,0
09/05/2023,25,7,1,2,0,0,0,0
10/05/2023,26,7,1,2,0,0,0,0
11/05/2023,27,7,1,2,0,0,0,0
12/05/2023,29,8,1,2,0,0,0,0
13/05/2023,30,8,1,2,0,0,0,0
14/05/2023,31,8,1,2,0,0,0,0
15/05/2023,33,9,1,3,0,0,0,0
16/05/2023,34,9,1,3,0,0,0,0
17/05/2023,36,10,1,3,0,0,0,0
18/05/2023,37,10,1,3,0,0,0,0
19/05/2023,39,10,1,3,0,0,0,0
20/05/2023,40,11,1,3,0,0,0,0
21/05/2023,42,11,1,3,0,0,0,0
22/05/2023,43,12,1,4,0,0,0,0
23/05/2023,45,12,1,4,0,0,0,0
24/05/2023,47,13,1,4,0,0,0,0
25/05/2023,48,13,1,4,0,0,0,0
26/05/2023,50,14,1,4,0,0,0,0
27/05/2023,52,14,1,4,0,0,0,0
28/05/2023,54,14,1,5,0,0,0,0
29/05/2023,55,15,1,5,0,0,0,0
30/05/2023,57,15,1,5,0,0,0,0
31/05/2023,59,16,1,5,0,0,0,0
01/06/2023,60,16,1,5,0,0,0,0
02/06/2023,62,17,1,5,0,0,0,0
03/06/2023,63,17,1,6,0,0,0,0
04/06/2023,64,18,2,6,0,0,0,0
05/06/2023,66,18,2,6,0,0,0,0
06/06/2023,67,18,2,6,0,0,0,0
07/06/2023,69,19,2,6,0,0,0,0
08/06/2023,70,19,2,7,0,0,0,0
09/06/2023,72,20,2,7,0,0,0,0
10/06/2023,73,20,2,7,0,0,0,0
11/06/2023,75,20,2,7,0,0,0,0
12/06/2023,76,21,2,8,0,0,0,0
13/06/2023,78,21,2,8,0,0,0,0
14/06/2023,80,22,2,8,0,0,0,0
15/06/2023,81,22,2,8,0,0,0,0
16/06/2023,83,23,2,8,0,0,0,0
17/06/2023,85,23,2,9,0,0,0,0
18/06/2023,87,24,2,9,0,0,0,0
19/06/2023,88,24,2,9,0,0,0,0
20/06/2023,90,25,2,9,0,0,0,0
21/06/2023,92,25,2,10,0,0,0,0
22/06/2023,93,26,2,10,0,0,0,0
23/06/2023,95,26,2,10,0,0,0,0
24/06/2023,97,27,2,10,0,0,0,0
25/06/2023,98,27,2,10,0,0,0,0
26/06/2023,100,28,2,11,0,0,0,0
27/06/2023,101,28,2,11,0,0,0,0
28/06/2023,103,28,3,11,0,0,0,0
29/06/2023,104,29,3,11,0,0,0,0
30/06/2023,106,29,3,12,0,0,0,0
01/07/2023,107,30,3,12,0,0,0,0
02/07/2023,109,30,3,12,0,0,0,0
03/07/2023,110,31,3,12,0,0,0,0
04/07/2023,112,31,3,13,0,0,0,0
05/07/2023,113,31,3,13,0,0,0,0
06/07/2023,115,32,3,13,0,0,0,0
07/07/2023,116,32,3,13,0,0,0,0
08/07/2023,118,33,3,13,9,9,0,18
09/07/2023,120,33,3,14,0,0,0,0
10/07/2023,121,33,3,14,0,0,0,0
11/07/2023,123,34,3,14,0,0,0,0
12/07/2023,124,34,3,14,0,0,0,0
13/07/2023,126,35,3,15,0,0,0,0
14/07/2023,128,35,3,15,0,0,0,0
15/07/2023,130,36,3,15,0,0,0,0
16/07/2023,132,36,3,15,0,0,0,0
17/07/2023,134,37,3,15,0,0,0,0
18/07/2023,135,37,3,16,7,6,2,15
19/07/2023,137,38,3,16,0,0,0,0
20/07/2023,140,38,3,16,0,0,0,0
21/07/2023,142,39,4,16,0,0,0,0
22/07/2023,144,40,4,16,0,0,0,0
23/07/2023,146,40,4,17,0,0,0,0
24/07/2023,148,41,4,17,0,0,0,0
25/07/2023,151,42,4,17,0,0,0,0
26/07/2023,153,42,4,17,3,3,7,13
27/07/2023,156,43,4,18,0,0,0,0
28/07/2023,158,44,4,18,0,0,0,0
29/07/2023,161,44,4,18,0,0,0,0
30/07/2023,163,45,4,18,0,0,0,0
31/07/2023,166,46,4,19,0,0,0,0
01/08/2023,168,46,4,19,0,0,0,0
02/08/2023,171,47,4,19,0,0,0,0
03/08/2023,174,48,4,19,0,0,0,0
04/08/2023,176,49,4,19,0,0,0,0
05/08/2023,179,49,4,20,0,0,0,0
06/08/2023,181,50,5,20,0,0,0,0
07/08/2023,184,51,5,20,4,3,2,10
08/08/2023,186,51,5,20,0,0,0,0
09/08/2023,189,52,5,21,0,0,0,0
10/08/2023,191,53,5,21,0,0,0,0
11/08/2023,193,53,5,21,0,0,0,0
12/08/2023,195,54,5,21,0,0,0,0
13/08/2023,197,55,5,22,0,0,0,0
14/08/2023,199,55,5,22,0,0,0,0
15/08/2023,200,56,5,22,0,0,0,0
16/08/2023,201,56,5,22,0,0,0,0
17/08/2023,203,56,5,23,0,0,0,0
18/08/2023,203,57,5,23,0,0,0,0
19/08/2023,204,57,5,23,0,0,0,0
20/08/2023,204,57,5,23,0,0,0,0
21/08/2023,204,57,5,23,0,0,0,0
22/08/2023,204,57,5,23,0,0,0,0
23/08/2023,203,57,5,24,0,0,0,0
24/08/2023,202,57,5,24,0,0,0,0
25/08/2023,201,57,5,24,0,0,0,0
26/08/2023,199,56,5,24,0,0,0,0
27/08/2023,197,56,5,24,0,0,0,0
28/08/2023,195,55,5,24,0,0,0,0
29/08/2023,192,54,5,24,0,0,0,0
30/08/2023,188,54,5,24,0,0,0,0
31/08/2023,185,53,5,24,0,0,0,0
01/09/2023,181,52,5,24,0,0,0,0
02/09/2023,176,51,5,24,0,0,0,0
03/09/2023,172,49,5,24,0,0,0,0
04/09/2023,167,48,5,24,0,0,0,0
05/09/2023,161,47,5,23,0,0,0,0
06/09/2023,156,45,4,23,0,0,0,0
07/09/2023,150,44,4,23,0,0,0,0
08/09/2023,144,42,4,23,0,0,0,0
09/09/2023,138,40,4,23,0,0,0,0
10/09/2023,131,39,4,22,0,0,0,0
11/09/2023,125,37,4,22,0,0,0,0
12/09/2023,118,35,4,22,0,0,1,1
13/09/2023,112,33,3,21,0,0,0,0
14/09/2023,106,31,3,21,0,0,0,0
15/09/2023,99,30,3,21,0,0,0,0
16/09/2023,93,28,3,20,0,0,0,0
17/09/2023,87,26,3,20,0,0,0,0
18/09/2023,81,24,3,19,0,0,0,0
19/09/2023,75,23,2,19,0,0,0,0
20/09/2023,70,21,2,19,0,0,0,0
21/09/2023,64,20,2,18,0,0,0,0
22/09/2023,59,18,2,18,0,0,1,2
23/09/2023,54,17,2,17,0,0,1,1
24/09/2023,50,15,2,17,0,0,0,0
25/09/2023,46,14,2,16,0,0,0,0
26/09/2023,42,13,1,16,0,0,0,0
27/09/2023,38,12,1,15,0,0,0,0
28/09/2023,34,11,1,15,0,0,0,0
29/09/2023,31,10,1,14,0,0,0,0
30/09/2023,28,9,1,14,0,0,0,0
01/10/2023,25,8,1,13,0,0,0,0
02/10/2023,23,7,1,13,0,0,0,0
03/10/2023,20,6,1,12,0,0,0,0
04/10/2023,18,6,1,12,0,0,0,0
05/10/2023,16,5,1,11,0,0,0,0
06/10/2023,14,5,1,11,0,0,0,0
07/10/2023,13,4,0,10,0,0,0,0
08/10/2023,11,4,0,10,0,0,0,0
09/10/2023,10,3,0,10,0,0,0,0
10/10/2023,9,3,0,9,0,0,0,0
11/10/2023,8,2,0,9,0,0,0,0
12/10/2023,7,2,0,8,0,0,0,0
13/10/2023,6,2,0,8,0,0,0,0
14/10/2023,5,2,0,8,0,0,0,0
15/10/2023,5,1,0,7,0,0,0,0
16/10/2023,4,1,0,7,0,0,0,0
17/10/2023,4,1,0,7,0,0,0,0
18/10/2023,3,1,0,6,0,0,0,0
19/10/2023,3,1,0,6,0,0,0,0
20/10/2023,2,1,0,6,0,0,0,0
21/10/2023,2,1,0,6,0,0,0,0
22/10/2023,2,1,0,5,0,0,0,0
23/10/2023,2,1,0,5,0,0,0,0
24/10/2023,1,0,0,5,0,0,0,0
25/10/2023,1,0,0,5,0,0,0,0
26/10/2023,1,0,0,4,0,0,0,0
27/10/2023,1,0,0,4,0,0,0,0
28/10/2023,1,0,0,4,0,0,0,0
29/10/2023,1,0,0,4,0,0,0,0
30/10/2023,1,0,0,4,0,0,0,0
31/10/2023,0,0,0,3,0,0,0,0
01/11/2023,0,0,0,3,0,0,0,0
02/11/2023,0,0,0,3,0,0,0,0
03/11/2023,0,0,0,3,0,0,0,0
04/11/2023,0,0,0,3,0,0,0,0
05/11/2023,0,0,0,3,0,0,0,0
06/11/2023,0,0,0,3,0,0,0,0
07/11/2023,0,0,0,2,0,0,0,0
08/11/2023,0,0,0,2,0,0,0,0
09/11/2023,0,0,0,2,0,0,0,0
10/11/2023,0,0,0,2,0,0,0,0
11/11/2023,0,0,0,2,0,0,0,0
12/11/2023,0,0,0,2,0,0,0,0
13/11/2023,0,0,0,2,0,0,0,0
14/11/2023,0,0,0,2,0,0,0,0
15/11/2023,0,0,0,2,0,0,0,0
16/11/2023,0,0,0,2,0,0,0,0
17/11/2023,0,0,0,1,0,0,0,0
18/11/2023,0,0,0,1,0,0,0,0
19/11/2023,0,0,0,1,0,0,0,0
20/11/2023,0,0,0,1,0,0,0,0
21/11/2023,0,0,0,1,0,0,0,0
22/11/2023,0,0,0,1,0,0,0,0
23/11/2023,0,0,0,1,0,0,0,0
24/11/2023,0,0,0,1,0,0,0,0
25/11/2023,0,0,0,1,0,0,0,0
26/11/2023,0,0,0,1,0,0,0,0
27/11/2023,0,0,0,1,0,0,0,0
28/11/2023,0,0,0,1,0,0,0,0
29/11/2023,0,0,0,1,0,0,0,0
30/11/2023,0,0,0,1,0,0,0,0
01/12/2023,0,0,0,1,0,0,0,0
02/12/2023,0,0,0,1,0,0,0,0
03/12/2023,0,0,0,1,0,0,0,0
04/12/2023,0,0,0,1,0,0,0,0
05/12/2023,0,0,0,1,0,0,0,0
06/12/2023,0,0,0,1,0,0,0,0
07/12/2023,0,0,0,1,0,0,0,0
08/12/2023,0,0,0,0,0,0,0,0
09/12/2023,0,0,0,0,0,0,0,0
10/12/2023,0,0,0,0,0,0,0,0
11/12/2023,0,0,0,0,0,0,0,0
12/12/2023,0,0,0,0,0,0,0,0
13/12/2023,0,0,0,0,0,0,0,0
14/12/2023,0,0,0,0,0,0,0,0
15/12/2023,0,0,0,0,0,0,0,0
16/12/2023,0,0,0,0,0,0,0,0
17/12/2023,0,0,0,0,0,0,0,0
18/12/2023,0,0,0,0,0,0,0,0
19/12/2023,0,0,0,0,0,0,0,0
20/12/2023,0,0,0,0,0,0,0,0
21/12/2023,0,0,0,0,0,0,0,0
22/12/2023,0,0,0,0,0,0,0,0
23/12/2023,0,0,0,0,0,0,0,0
24/12/2023,0,0,0,0,0,0,0,0
25/12/2023,0,0,0,0,0,0,0,0
26/12/2023,0,0,0,0,0,0,0,0
27/12/2023,0,0,0,0,0,0,0,0
28/12/2023,0,0,0,0,0,0,0,0
29/12/2023,0,0,0,0,0,0,0,0
30/12/2023,0,0,0,0,0,0,0,0
31/12/2023,0,0,0,0,0,0,0,0
01/01/2024,0,0,0,0,0,0,0,0
02/01/2024,0,0,0,0,0,0,0,0
03/01/2024,0,0,0,0,0,0,0,0
04/01/2024,0,0,0,0,0,0,0,0
05/01/2024,0,0,0,0,0,0,0,0
06/01/2024,0,0,0,0,0,0,0,0
07/01/2024,0,0,0,0,0,0,0,0
08/01/2024,0,0,0,0,0,0,0,0
09/01/2024,0,0,0,0,0,0,0,0
10/01/2024,0,0,0,0,0,0,0,0
11/01/2024,0,0,0,0,0,0,0,0
12/01/2024,0,0,0,0,0,0,0,0
13/01/2024,0,0,0,0,0,0,0,0
14/01/2024,0,0,0,0,0,0,0,0
15/01/2024,0,0,0,0,0,0,0,0
16/01/2024,0,0,0,0,0,0,0,0
17/01/2024,0,0,0,0,0,0,0,0
18/01/2024,0,0,0,0,0,0,0,0
19/01/2024,0,0,0,0,0,0,0,0
20/01/2024,0,0,0,0,0,0,0,0
21/01/2024,0,0,0,0,0,0,0,0
22/01/2024,0,0,0,0,0,0,0,0
23/01/2024,0,0,0,0,0,0,0,0
24/01/2024,0,0,0,0,0,0,0,0
25/01/2024,0,0,0,0,0,0,0,0
26/01/2024,0,0,0,0,0,0,0,0
27/01/2024,0,0,0,0,0,0,0,0
28/01/2024,0,0,0,0,0,0,0,0
29/01/2024,0,0,0,0,0,0,0,0
30/01/2024,0,0,0,0,0,0,0,0
31/01/2024,0,0,0,0,0,0,0,0
01/02/2024,0,0,0,0,0,0,0,0
02/02/2024,0,0,0,0,0,0,0,0
03/02/2024,0,0,0,0,0,0,0,0
04/02/2024,0,0,0,0,0,0,0,0
05/02/2024,0,0,0,0,0,0,0,0
06/02/2024,0,0,0,0,0,0,0,0
07/02/2024,0,0,0,0,0,0,0,0
08/02/2024,0,0,0,0,0,0,0,0
09/02/2024,0,0,0,0,0,0,0,0
10/02/2024,0,0,0,0,0,0,0,0
11/02/2024,0,0,0,0,0,0,0,0
12/02/2024,0,0,0,0,0,0,0,0
13/02/2024,0,0,0,0,0,0,0,0
14/02/2024,0,0,0,0,0,0,0,0
15/02/2024,0,0,0,0,0,0,0,0
16/02/2024,0,0,0,0,0,0,0,0
17/02/2024,0,0,0,0,0,0,0,0
18/02/2024,0,0,0,0,0,0,0,0
19/02/2024,0,0,0,0,0,0,0,0
20/02/2024,0,0,0,0,0,0,0,0
21/02/2024,0,0,0,0,0,0,0,0
22/02/2024,0,0,0,0,0,0,0,0
23/02/2024,0,0,0,0,0,0,0,0
24/02/2024,0,0,0,0,0,0,0,0
25/02/2024,0,0,0,0,0,0,0,0
26/02/2024,0,0,0,0,0,0,0,0
27/02/2024,0,0,0,0,0,0,0,0
28/02/2024,0,0,0,0,0,0,0,0
29/02/2024,0,0,0,0,0,0,0,0
01/03/2024,0,0,0,0,0,0,0,0
02/03/2024,0,0,0,0,0,0,0,0
03/03/2024,0,0,0,0,0,0,0,0
04/03/2024,0,0,0,0,0,0,0,0
05/03/2024,0,0,0,0,0,0,0,0
06/03/2024,0,0,0,0,0,0,0,0
07/03/2024,0,0,0,0,0,0,0,0
08/03/2024,0,0,0,0,0,0,0,0
09/03/2024,0,0,0,0,0,0,0,0
10/03/2024,1,0,0,0,0,0,0,0
11/03/2024,1,0,0,0,0,0,0,0
12/03/2024,1,0,0,0,0,0,0,0
13/03/2024,1,0,0,0,0,0,0,0
14/03/2024,1,0,0,0,0,0,0,0
15/03/2024,1,0,0,0,0,0,0,0
16/03/2024,1,0,0,0,0,0,0,0
17/03/2024,1,0,0,0,0,0,0,0
18/03/2024,1,0,0,0,0,0,0,0
19/03/2024,1,0,0,0,0,0,0,0
20/03/2024,1,0,0,0,0,0,0,0
21/03/2024,1,0,0,0,0,0,0,0
22/03/2024,1,0,0,0,0,0,0,0
23/03/2024,1,0,0,0,0,0,0,0
24/03/2024,1,0,0,0,0,0,0,0
25/03/2024,2,0,0,0,0,0,0,0
26/03/2024,2,0,0,0,0,0,0,0
27/03/2024,2,0,0,0,0,0,0,0
28/03/2024,2,1,0,0,0,0,0,0
29/03/2024,2,1,0,0,0,0,0,0
30/03/2024,2,1,0,0,0,0,0,0
31/03/2024,3,1,0,0,0,0,0,0
01/04/2024,3,1,0,0,0,0,0,0
02/04/2024,3,1,0,0,0,0,0,0
03/04/2024,3,1,0,0,0,0,0,0
04/04/2024,3,1,0,0,0,0,0,0
05/04/2024,4,1,0,0,0,0,0,0
06/04/2024,4,1,0,0,0,0,0,0
07/04/2024,4,1,0,0,0,0,0,0
08/04/2024,5,1,0,0,0,0,0,0
09/04/2024,5,1,0,0,0,0,0,0
10/04/2024,5,1,0,0,0,0,0,0
11/04/2024,6,2,0,0,0,0,0,0
12/04/2024,6,2,0,0,0,0,0,0
13/04/2024,7,2,0,0,0,0,0,0
14/04/2024,7,2,0,1,0,0,0,0
15/04/2024,8,2,0,1,0,0,0,0
16/04/2024,8,2,0,1,0,0,0,0
17/04/2024,9,2,0,1,0,0,0,0
18/04/2024,9,2,0,1,0,0,0,0
19/04/2024,10,3,0,1,0,0,0,0
20/04/2024,10,3,0,1,0,0,0,0
21/04/2024,11,3,0,1,0,0,0,0
22/04/2024,12,3,0,1,0,0,0,0
23/04/2024,13,3,0,1,0,0,0,0
24/04/2024,13,4,0,1,0,0,0,0
25/04/2024,14,4,0,1,0,0,0,0
26/04/2024,15,4,0,1,0,0,0,0
27/04/2024,16,4,0,1,0,0,0,0
28/04/2024,17,4,0,1,0,0,0,0
29/04/2024,18,5,0,1,0,0,0,0
30/04/2024,19,5,0,2,0,0,0,0
01/05/2024,20,5,0,2,0,0,0,0
02/05/2024,21,6,0,2,0,0,0,0
03/05/2024,22,6,1,2,0,0,0,0
04/05/2024,23,6,1,2,0,0,0,0
05/05/2024,24,6,1,2,0,0,0,0
06/05/2024,25,7,1,2,0,0,0,0
07/05/2024,26,7,1,2,0,0,0,0
08/05/2024,28,7,1,2,0,0,0,0
09/05/2024,29,8,1,3,0,0,0,0
10/05/2024,30,8,1,3,0,0,0,0
11/05/2024,31,8,1,3,0,0,0,0
12/05/2024,32,9,1,3,0,0,0,0
13/05/2024,34,9,1,3,0,0,0,0
14/05/2024,35,9,1,3,0,0,0,0
15/05/2024,36,10,1,3,0,0,0,0
16/05/2024,37,10,1,4,0,0,0,0
17/05/2024,38,10,1,4,0,0,0,0
18/05/2024,38,11,1,4,0,0,0,0
19/05/2024,39,11,1,4,0,0,0,0
20/05/2024,40,11,1,4,0,0,0,0
21/05/2024,40,11,1,4,0,0,0,0
22/05/2024,41,11,1,4,0,0,0,0
23/05/2024,41,11,1,5,0,0,0,0
24/05/2024,41,11,1,5,0,0,0,0
25/05/2024,42,12,1,5,0,0,0,0
26/05/2024,42,12,1,5,0,0,0,0
27/05/2024,42,12,1,5,0,0,0,0
28/05/2024,42,12,1,5,0,0,0,0
29/05/2024,43,12,1,5,0,0,0,0
30/05/2024,43,12,1,6,0,0,0,0
31/05/2024,43,12,1,6,0,0,0,0
01/06/2024,43,12,1,6,0,0,0,0
02/06/2024,43,12,1,6,0,0,0,0
03/06/2024,43,12,1,6,0,0,0,0
04/06/2024,43,12,1,6,0,0,0,0
05/06/2024,43,12,1,6,0,0,0,0
06/06/2024,43,12,1,6,0,0,0,0
07/06/2024,43,12,1,6,0,0,0,0
08/06/2024,43,12,1,7,0,0,0,0
09/06/2024,43,12,1,7,0,0,0,0
10/06/2024,43,12,1,7,0,0,0,0
11/06/2024,43,12,1,7,0,0,0,0
12/06/2024,43,12,1,7,0,0,0,0
13/06/2024,43,12,1,7,0,0,0,0
14/06/2024,43,12,1,7,0,0,0,0
15/06/2024,43,12,1,7,0,0,0,0
16/06/2024,43,12,1,7,0,0,0,0
17/06/2024,43,12,1,7,0,0,0,0
18/06/2024,43,12,1,7,0,0,0,0
19/06/2024,43,12,1,7,0,0,0,0
20/06/2024,43,12,1,7,0,0,0,0
21/06/2024,43,12,1,7,0,0,0,0
22/06/2024,43,12,1,7,0,0,0,0
23/06/2024,43,12,1,7,0,0,0,0
24/06/2024,43,12,1,7,0,0,0,0
25/06/2024,43,12,1,7,0,0,0,0
26/06/2024,43,12,1,8,0,0,0,0
27/06/2024,43,12,1,8,0,0,0,0
28/06/2024,44,12,1,8,0,0,0,0
29/06/2024,44,12,1,8,0,0,0,0
30/06/2024,44,12,1,8,0,0,0,0
01/07/2024,45,12,1,8,0,0,0,0
02/07/2024,45,13,1,8,0,0,0,0
03/07/2024,46,13,1,8,0,0,0,0
04/07/2024,46,13,1,8,0,0,0,0
05/07/2024,47,13,1,8,0,0,0,0
06/07/2024,47,13,1,8,0,0,0,0
07/07/2024,48,13,1,8,0,0,0,0
08/07/2024,49,13,1,8,0,0,0,0
09/07/2024,50,14,1,8,0,0,0,0
10/07/2024,50,14,1,8,0,0,0,0
11/07/2024,51,14,1,8,0,0,0,0
12/07/2024,52,14,1,8,0,0,0,0
13/07/2024,53,15,1,8,0,0,0,0
14/07/2024,54,15,1,8,0,0,0,0
15/07/2024,55,15,1,9,0,0,0,0
16/07/2024,57,16,1,9,0,0,0,0
17/07/2024,58,16,1,9,0,0,0,0
18/07/2024,59,16,1,9,0,0,0,0
19/07/2024,61,17,1,9,33,33,4,70
20/07/2024,62,17,1,9,0,0,0,0
21/07/2024,64,17,2,9,0,0,0,0
22/07/2024,66,18,2,9,0,0,0,0
23/07/2024,67,18,2,9,0,0,0,0
24/07/2024,69,19,2,10,0,0,0,0
25/07/2024,71,19,2,10,11,11,11,35
26/07/2024,74,20,2,10,0,0,0,0
27/07/2024,76,21,2,10,0,0,0,0
28/07/2024,78,21,2,10,0,0,0,0
29/07/2024,81,22,2,11,8,7,16,34
30/07/2024,83,23,2,11,0,0,0,0
31/07/2024,86,23,2,11,0,0,0,0
01/08/2024,89,24,2,11,1,1,1,3
02/08/2024,92,25,2,11,20,14,72,116
03/08/2024,95,26,2,12,6,6,1,14
04/08/2024,98,27,2,12,0,0,0,0
05/08/2024,102,28,2,12,0,0,0,0
06/08/2024,105,28,2,13,0,0,0,0
07/08/2024,109,29,3,13,4,4,64,76
08/08/2024,112,30,3,13,0,0,0,0
09/08/2024,116,31,3,14,0,0,0,0
10/08/2024,120,32,3,14,0,0,0,0
11/08/2024,124,34,3,14,0,0,0,0
12/08/2024,127,35,3,15,0,0,0,0
13/08/2024,131,36,3,15,0,0,0,0
14/08/2024,135,37,3,16,0,0,0,0
15/08/2024,139,38,3,16,0,0,0,0
16/08/2024,142,39,3,16,0,0,0,0
17/08/2024,145,40,3,17,0,0,0,0
18/08/2024,149,41,4,17,0,0,0,0
19/08/2024,151,42,4,18,0,0,0,0
20/08/2024,154,42,4,18,2,2,2,7
21/08/2024,156,43,4,19,1,1,1,3
22/08/2024,158,44,4,19,1,1,1,3
23/08/2024,159,44,4,19,0,0,0,0
24/08/2024,160,45,4,20,0,0,0,0
25/08/2024,160,45,4,20,0,0,0,0
26/08/2024,160,45,4,21,0,0,0,0
27/08/2024,159,45,4,21,0,0,0,0
28/08/2024,158,45,4,21,0,0,0,0
29/08/2024,156,44,4,22,0,0,0,0
30/08/2024,153,44,4,22,0,0,0,0
31/08/2024,150,43,4,22,0,0,0,0
01/09/2024,147,42,4,22,0,0,0,0
02/09/2024,143,41,4,22,0,0,0,0
03/09/2024,138,40,4,23,0,0,0,0
04/09/2024,133,39,4,23,0,0,0,0
05/09/2024,128,37,4,23,0,0,0,0
06/09/2024,122,36,3,23,0,0,0,0
07/09/2024,116,34,3,23,0,0,0,0
08/09/2024,110,33,3,22,0,0,0,0
09/09/2024,104,31,3,22,0,0,0,0
10/09/2024,98,29,3,22,2,2,0,4
11/09/2024,92,27,3,22,0,0,0,0
12/09/2024,86,26,3,22,0,0,0,0
13/09/2024,80,24,2,21,0,0,5,6
14/09/2024,74,22,2,21,0,0,0,0
15/09/2024,69,21,2,21,0,0,0,0
16/09/2024,63,19,2,20,1,1,1,3
17/09/2024,58,18,2,20,0,0,0,0
18/09/2024,53,16,2,19,0,0,0,0
19/09/2024,49,15,2,19,0,0,0,0
20/09/2024,45,14,1,18,0,0,0,0
21/09/2024,41,12,1,18,0,0,0,0
22/09/2024,37,11,1,18,0,0,0,0
23/09/2024,33,10,1,17,0,0,0,0
24/09/2024,30,9,1,16,0,0,0,0
25/09/2024,27,8,1,16,0,0,0,0
26/09/2024,24,8,1,15,0,0,0,0
27/09/2024,22,7,1,15,0,0,0,0
28/09/2024,20,6,1,14,0,0,0,0
29/09/2024,18,6,1,14,0,0,0,0
30/09/2024,16,5,1,13,0,0,0,0
01/10/2024,14,4,1,13,0,0,0,0
02/10/2024,12,4,0,12,0,0,0,0
03/10/2024,11,3,0,12,0,0,0,0
04/10/2024,10,3,0,11,0,0,0,0
05/10/2024,9,3,0,11,0,0,0,0
06/10/2024,8,2,0,11,0,0,0,0
07/10/2024,7,2,0,10,0,0,1,1
08/10/2024,6,2,0,10,0,0,0,0
09/10/2024,5,2,0,9,0,0,0,0
10/10/2024,5,1,0,9,0,0,0,0
11/10/2024,4,1,0,8,0,0,0,0
12/10/2024,4,1,0,8,0,0,0,0
13/10/2024,3,1,0,8,0,0,0,0
14/10/2024,3,1,0,7,0,0,0,0
15/10/2024,2,1,0,7,0,0,0,0
16/10/2024,2,1,0,7,0,0,0,0
17/10/2024,2,1,0,6,0,0,0,0
18/10/2024,2,1,0,6,0,0,0,0
19/10/2024,1,0,0,6,0,0,0,0
20/10/2024,1,0,0,6,0,0,0,0
21/10/2024,1,0,0,5,0,0,0,0
22/10/2024,1,0,0,5,0,0,0,0
23/10/2024,1,0,0,5,0,0,0,0
24/10/2024,1,0,0,5,0,0,0,0
25/10/2024,1,0,0,4,0,0,0,0
26/10/2024,1,0,0,4,0,0,0,0
27/10/2024,0,0,0,4,0,0,0,0
28/10/2024,0,0,0,4,0,0,0,0
29/10/2024,0,0,0,4,0,0,0,0
30/10/2024,0,0,0,3,0,0,0,0
31/10/2024,0,0,0,3,0,0,0,0
01/11/2024,0,0,0,3,0,0,0,0
02/11/2024,0,0,0,3,0,0,0,0
03/11/2024,0,0,0,3,0,0,0,0
04/11/2024,0,0,0,3,0,0,0,0
05/11/2024,0,0,0,3,0,0,0,0
06/11/2024,0,0,0,2,0,0,0,0
07/11/2024,0,0,0,2,0,0,0,0
08/11/2024,0,0,0,2,0,0,0,0
09/11/2024,0,0,0,2,0,0,0,0
10/11/2024,0,0,0,2,0,0,0,0
11/11/2024,0,0,0,2,0,0,0,0
12/11/2024,0,0,0,2,0,0,0,0
13/11/2024,0,0,0,2,0,0,0,0
14/11/2024,0,0,0,2,0,0,0,0
15/11/2024,0,0,0,2,0,0,0,0
16/11/2024,0,0,0,1,0,0,0,0
17/11/2024,0,0,0,1,0,0,0,0
18/11/2024,0,0,0,1,0,0,0,0
19/11/2024,0,0,0,1,0,0,0,0
20/11/2024,0,0,0,1,0,0,0,0
21/11/2024,0,0,0,1,0,0,0,0
22/11/2024,0,0,0,1,0,0,0,0
23/11/2024,0,0,0,1,0,0,0,0
24/11/2024,0,0,0,1,0,0,0,0
25/11/2024,0,0,0,1,0,0,0,0
26/11/2024,0,0,0,1,0,0,0,0
27/11/2024,0,0,0,1,0,0,0,0
28/11/2024,0,0,0,1,0,0,0,0
29/11/2024,0,0,0,1,0,0,0,0
30/11/2024,0,0,0,1,0,0,0,0
01/12/2024,0,0,0,1,0,0,0,0
02/12/2024,0,0,0,1,0,0,0,0
03/12/2024,0,0,0,1,0,0,0,0
04/12/2024,0,0,0,1,0,0,0,0
05/12/2024,0,0,0,1,0,0,0,0
06/12/2024,0,0,0,1,0,0,0,0
07/12/2024,0,0,0,0,0,0,0,0
08/12/2024,0,0,0,0,0,0,0,0
09/12/2024,0,0,0,0,0,0,0,0
10/12/2024,0,0,0,0,0,0,0,0
11/12/2024,0,0,0,0,0,0,0,0
12/12/2024,0,0,0,0,0,0,0,0
13/12/2024,0,0,0,0,0,0,0,0
14/12/2024,0,0,0,0,0,0,0,0
15/12/2024,0,0,0,0,0,0,0,0
16/12/2024,0,0,0,0,0,0,0,0
17/12/2024,0,0,0,0,0,0,0,0
18/12/2024,0,0,0,0,0,0,0,0
19/12/2024,0,0,0,0,0,0,0,0
20/12/2024,0,0,0,0,0,0,0,0
